year,region ,site,treatment ,quad,species ,cover
2019,TL,ST,CT,1,moss,0.323529412
2019,TL,ST,CT,1,lichen,0.009803922
2019,TL,ST,CT,1,litter,0.058823529
2019,TL,ST,CT,1,frost boil,0
2019,TL,ST,CT,1,bare,0
2019,TL,ST,CT,1,And pol,0
2019,TL,ST,CT,1,Bet nan,0.068627451
2019,TL,ST,CT,1,Car big,0.039215686
2019,TL,ST,CT,1,Cas tet,0
2019,TL,ST,CT,1,Emp nig,0.117647059
2019,TL,ST,CT,1,Eri vag,0.098039216
2019,TL,ST,CT,1,Led pal,0.058823529
2019,TL,ST,CT,1,Ped lap,0
2019,TL,ST,CT,1,Pol bis,0.004901961
2019,TL,ST,CT,1,Rub cha,0.019607843
2019,TL,ST,CT,1,Sal pul,0.004901961
2019,TL,ST,CT,1,Vac uli,0.019607843
2019,TL,ST,CT,1,Vac vit,0.039215686
2019,TL,ST,CT,1,St. D. Bet.,0
2019,TL,ST,CT,1,Dead,0.049019608
2019,TL,ST,CT,1,sal ret,0.088235294
2019,TL,ST,CT,1,vac vit winter kill,0
2019,TL,ST,CT,1,calcan,0
2019,TL,ST,CT,2,moss,0.176470588
2019,TL,ST,CT,2,lichen,0.019607843
2019,TL,ST,CT,2,litter,0.068627451
2019,TL,ST,CT,2,frost boil,0
2019,TL,ST,CT,2,bare,0
2019,TL,ST,CT,2,And pol,0
2019,TL,ST,CT,2,Bet nan,0.215686275
2019,TL,ST,CT,2,Car big,0.039215686
2019,TL,ST,CT,2,Cas tet,0
2019,TL,ST,CT,2,Emp nig,0
2019,TL,ST,CT,2,Eri vag,0.196078431
2019,TL,ST,CT,2,Led pal,0.068627451
2019,TL,ST,CT,2,Ped lap,0
2019,TL,ST,CT,2,Pol bis,0.009803922
2019,TL,ST,CT,2,Rub cha,0.009803922
2019,TL,ST,CT,2,Sal pul,0.019607843
2019,TL,ST,CT,2,Vac uli,0
2019,TL,ST,CT,2,Vac vit,0.039215686
2019,TL,ST,CT,2,St. D. Bet.,0
2019,TL,ST,CT,2,Dead,0
2019,TL,ST,CT,2,sal ret,0.098039216
2019,TL,ST,CT,2,vac vit winter kill,0.039215686
2019,TL,ST,CT,2,calcan,0
2019,TL,ST,CT,3,moss,0.241758242
2019,TL,ST,CT,3,lichen,0
2019,TL,ST,CT,3,litter,0.065934066
2019,TL,ST,CT,3,frost boil,0
2019,TL,ST,CT,3,bare,0
2019,TL,ST,CT,3,And pol,0
2019,TL,ST,CT,3,Bet nan,0.241758242
2019,TL,ST,CT,3,Car big,0.087912088
2019,TL,ST,CT,3,Cas tet,0
2019,TL,ST,CT,3,Emp nig,0
2019,TL,ST,CT,3,Eri vag,0.142857143
2019,TL,ST,CT,3,Led pal,0.087912088
2019,TL,ST,CT,3,Ped lap,0
2019,TL,ST,CT,3,Pol bis,0
2019,TL,ST,CT,3,Rub cha,0.021978022
2019,TL,ST,CT,3,Sal pul,0
2019,TL,ST,CT,3,Vac uli,0
2019,TL,ST,CT,3,Vac vit,0.043956044
2019,TL,ST,CT,3,St. D. Bet.,0
2019,TL,ST,CT,3,Dead,0.032967033
2019,TL,ST,CT,3,sal ret,0.032967033
2019,TL,ST,CT,3,vac vit winter kill,0
2019,TL,ST,CT,3,calcan,0
2019,TL,ST,CT,4,moss,0.181818182
2019,TL,ST,CT,4,lichen,0.024242424
2019,TL,ST,CT,4,litter,0.096969697
2019,TL,ST,CT,4,frost boil,0
2019,TL,ST,CT,4,bare,0
2019,TL,ST,CT,4,And pol,0
2019,TL,ST,CT,4,Bet nan,0.133333333
2019,TL,ST,CT,4,Car big,0.036363636
2019,TL,ST,CT,4,Cas tet,0
2019,TL,ST,CT,4,Emp nig,0
2019,TL,ST,CT,4,Eri vag,0.23030303
2019,TL,ST,CT,4,Led pal,0.121212121
2019,TL,ST,CT,4,Ped lap,0
2019,TL,ST,CT,4,Pol bis,0
2019,TL,ST,CT,4,Rub cha,0
2019,TL,ST,CT,4,Sal pul,0
2019,TL,ST,CT,4,Vac uli,0
2019,TL,ST,CT,4,Vac vit,0.145454545
2019,TL,ST,CT,4,St. D. Bet.,0
2019,TL,ST,CT,4,Dead,0.024242424
2019,TL,ST,CT,4,sal ret,0
2019,TL,ST,CT,4,vac vit winter kill,0
2019,TL,ST,CT,4,calcan,0.006060606
2019,TL,ST,CT,5,moss,0.32160804
2019,TL,ST,CT,5,lichen,0.010050251
2019,TL,ST,CT,5,litter,0.090452261
2019,TL,ST,CT,5,frost boil,0
2019,TL,ST,CT,5,bare,0
2019,TL,ST,CT,5,And pol,0
2019,TL,ST,CT,5,Bet nan,0.221105528
2019,TL,ST,CT,5,Car big,0.020100503
2019,TL,ST,CT,5,Cas tet,0
2019,TL,ST,CT,5,Emp nig,0
2019,TL,ST,CT,5,Eri vag,0.201005025
2019,TL,ST,CT,5,Led pal,0.040201005
2019,TL,ST,CT,5,Ped lap,0.005025126
2019,TL,ST,CT,5,Pol bis,0
2019,TL,ST,CT,5,Rub cha,0
2019,TL,ST,CT,5,Sal pul,0
2019,TL,ST,CT,5,Vac uli,0
2019,TL,ST,CT,5,Vac vit,0.08040201
2019,TL,ST,CT,5,St. D. Bet.,0
2019,TL,ST,CT,5,Dead,0.010050251
2019,TL,ST,CT,5,sal ret,0
2019,TL,ST,CT,5,vac vit winter kill,0
2019,TL,ST,CT,5,calcan,0
2019,TL,ST,CT,6,moss,0.489795918
2019,TL,ST,CT,6,lichen,0.020408163
2019,TL,ST,CT,6,litter,0.040816327
2019,TL,ST,CT,6,frost boil,0
2019,TL,ST,CT,6,bare,0
2019,TL,ST,CT,6,And pol,0
2019,TL,ST,CT,6,Bet nan,0.163265306
2019,TL,ST,CT,6,Car big,0.020408163
2019,TL,ST,CT,6,Cas tet,0
2019,TL,ST,CT,6,Emp nig,0
2019,TL,ST,CT,6,Eri vag,0.132653061
2019,TL,ST,CT,6,Led pal,0.081632653
2019,TL,ST,CT,6,Ped lap,0
2019,TL,ST,CT,6,Pol bis,0
2019,TL,ST,CT,6,Rub cha,0
2019,TL,ST,CT,6,Sal pul,0
2019,TL,ST,CT,6,Vac uli,0
2019,TL,ST,CT,6,Vac vit,0.051020408
2019,TL,ST,CT,6,St. D. Bet.,0
2019,TL,ST,CT,6,Dead,0
2019,TL,ST,CT,6,sal ret,0
2019,TL,ST,CT,6,vac vit winter kill,0
2019,TL,ST,CT,6,calcan,0
2019,TL,ST,CT,7,moss,0.242990654
2019,TL,ST,CT,7,lichen,0.046728972
2019,TL,ST,CT,7,litter,0.08411215
2019,TL,ST,CT,7,frost boil,0
2019,TL,ST,CT,7,bare,0.028037383
2019,TL,ST,CT,7,And pol,0
2019,TL,ST,CT,7,Bet nan,0.186915888
2019,TL,ST,CT,7,Car big,0.065420561
2019,TL,ST,CT,7,Cas tet,0
2019,TL,ST,CT,7,Emp nig,0
2019,TL,ST,CT,7,Eri vag,0.130841121
2019,TL,ST,CT,7,Led pal,0.093457944
2019,TL,ST,CT,7,Ped lap,0
2019,TL,ST,CT,7,Pol bis,0
2019,TL,ST,CT,7,Rub cha,0
2019,TL,ST,CT,7,Sal pul,0
2019,TL,ST,CT,7,Vac uli,0
2019,TL,ST,CT,7,Vac vit,0.065420561
2019,TL,ST,CT,7,St. D. Bet.,0
2019,TL,ST,CT,7,Dead,0.037383178
2019,TL,ST,CT,7,sal ret,0
2019,TL,ST,CT,7,vac vit winter kill,0.018691589
2019,TL,ST,CT,7,calcan,0
2019,TL,ST,CT,8,moss,0.212765957
2019,TL,ST,CT,8,lichen,0.031914894
2019,TL,ST,CT,8,litter,0.074468085
2019,TL,ST,CT,8,frost boil,0
2019,TL,ST,CT,8,bare,0.010638298
2019,TL,ST,CT,8,And pol,0
2019,TL,ST,CT,8,Bet nan,0.223404255
2019,TL,ST,CT,8,Car big,0.021276596
2019,TL,ST,CT,8,Cas tet,0
2019,TL,ST,CT,8,Emp nig,0.031914894
2019,TL,ST,CT,8,Eri vag,0.191489362
2019,TL,ST,CT,8,Led pal,0
2019,TL,ST,CT,8,Ped lap,0.005319149
2019,TL,ST,CT,8,Pol bis,0.005319149
2019,TL,ST,CT,8,Rub cha,0.031914894
2019,TL,ST,CT,8,Sal pul,0.031914894
2019,TL,ST,CT,8,Vac uli,0
2019,TL,ST,CT,8,Vac vit,0.106382979
2019,TL,ST,CT,8,St. D. Bet.,0
2019,TL,ST,CT,8,Dead,0
2019,TL,ST,CT,8,sal ret,0.021276596
2019,TL,ST,CT,8,vac vit winter kill,0
2019,TL,ST,CT,8,calcan,0
2019,TL,ST,EX,1,moss,0.112
2019,TL,ST,EX,1,lichen,0
2019,TL,ST,EX,1,litter,0.224
2019,TL,ST,EX,1,frost boil,0
2019,TL,ST,EX,1,bare,0
2019,TL,ST,EX,1,And pol,0
2019,TL,ST,EX,1,Bet nan,0.048
2019,TL,ST,EX,1,Car big,0.008
2019,TL,ST,EX,1,Cas tet,0
2019,TL,ST,EX,1,Emp nig,0
2019,TL,ST,EX,1,Eri vag,0.288
2019,TL,ST,EX,1,Led pal,0
2019,TL,ST,EX,1,Ped lap,0
2019,TL,ST,EX,1,Pol bis,0.016
2019,TL,ST,EX,1,Rub cha,0.008
2019,TL,ST,EX,1,Sal pul,0.112
2019,TL,ST,EX,1,Vac uli,0.08
2019,TL,ST,EX,1,Vac vit,0
2019,TL,ST,EX,1,St. D. Bet.,0.008
2019,TL,ST,EX,1,sal ret,0.096
2019,TL,ST,EX,1,unk 2,0
2019,TL,ST,EX,1,vac vit winter kill,0
2019,TL,ST,EX,2,moss,0.125
2019,TL,ST,EX,2,lichen,0.005681818
2019,TL,ST,EX,2,litter,0.170454545
2019,TL,ST,EX,2,frost boil,0
2019,TL,ST,EX,2,bare,0
2019,TL,ST,EX,2,And pol,0
2019,TL,ST,EX,2,Bet nan,0.102272727
2019,TL,ST,EX,2,Car big,0.005681818
2019,TL,ST,EX,2,Cas tet,0
2019,TL,ST,EX,2,Emp nig,0
2019,TL,ST,EX,2,Eri vag,0.261363636
2019,TL,ST,EX,2,Led pal,0.011363636
2019,TL,ST,EX,2,Ped lap,0
2019,TL,ST,EX,2,Pol bis,0.011363636
2019,TL,ST,EX,2,Rub cha,0.005681818
2019,TL,ST,EX,2,Sal pul,0.079545455
2019,TL,ST,EX,2,Vac uli,0.056818182
2019,TL,ST,EX,2,Vac vit,0
2019,TL,ST,EX,2,St. D. Bet.,0.079545455
2019,TL,ST,EX,2,sal ret,0.079545455
2019,TL,ST,EX,2,unk 2,0.005681818
2019,TL,ST,EX,2,vac vit winter kill,0
2019,TL,ST,EX,3,moss,0.089552239
2019,TL,ST,EX,3,lichen,0.007462687
2019,TL,ST,EX,3,litter,0.313432836
2019,TL,ST,EX,3,frost boil,0
2019,TL,ST,EX,3,bare,0
2019,TL,ST,EX,3,And pol,0
2019,TL,ST,EX,3,Bet nan,0.104477612
2019,TL,ST,EX,3,Car big,0.007462687
2019,TL,ST,EX,3,Cas tet,0
2019,TL,ST,EX,3,Emp nig,0.014925373
2019,TL,ST,EX,3,Eri vag,0.223880597
2019,TL,ST,EX,3,Led pal,0.007462687
2019,TL,ST,EX,3,Ped lap,0
2019,TL,ST,EX,3,Pol bis,0.014925373
2019,TL,ST,EX,3,Rub cha,0.007462687
2019,TL,ST,EX,3,Sal pul,0.134328358
2019,TL,ST,EX,3,Vac uli,0.029850746
2019,TL,ST,EX,3,Vac vit,0.007462687
2019,TL,ST,EX,3,St. D. Bet.,0
2019,TL,ST,EX,3,sal ret,0.029850746
2019,TL,ST,EX,3,unk 2,0
2019,TL,ST,EX,3,vac vit winter kill,0.007462687
2019,TL,ST,EX,4,moss,0.083333333
2019,TL,ST,EX,4,lichen,0.008333333
2019,TL,ST,EX,4,litter,0.183333333
2019,TL,ST,EX,4,frost boil,0
2019,TL,ST,EX,4,bare,0
2019,TL,ST,EX,4,And pol,0
2019,TL,ST,EX,4,Bet nan,0.083333333
2019,TL,ST,EX,4,Car big,0.033333333
2019,TL,ST,EX,4,Cas tet,0
2019,TL,ST,EX,4,Emp nig,0.033333333
2019,TL,ST,EX,4,Eri vag,0.4
2019,TL,ST,EX,4,Led pal,0.008333333
2019,TL,ST,EX,4,Ped lap,0
2019,TL,ST,EX,4,Pol bis,0.016666667
2019,TL,ST,EX,4,Rub cha,0
2019,TL,ST,EX,4,Sal pul,0.033333333
2019,TL,ST,EX,4,Vac uli,0.066666667
2019,TL,ST,EX,4,Vac vit,0
2019,TL,ST,EX,4,St. D. Bet.,0
2019,TL,ST,EX,4,sal ret,0.05
2019,TL,ST,EX,4,unk 2,0
2019,TL,ST,EX,4,vac vit winter kill,0
2019,TL,ST,EX,5,moss,0.054054054
2019,TL,ST,EX,5,lichen,0
2019,TL,ST,EX,5,litter,0.216216216
2019,TL,ST,EX,5,frost boil,0
2019,TL,ST,EX,5,bare,0
2019,TL,ST,EX,5,And pol,0
2019,TL,ST,EX,5,Bet nan,0.054054054
2019,TL,ST,EX,5,Car big,0.018018018
2019,TL,ST,EX,5,Cas tet,0
2019,TL,ST,EX,5,Emp nig,0
2019,TL,ST,EX,5,Eri vag,0.36036036
2019,TL,ST,EX,5,Led pal,0
2019,TL,ST,EX,5,Ped lap,0
2019,TL,ST,EX,5,Pol bis,0.009009009
2019,TL,ST,EX,5,Rub cha,0
2019,TL,ST,EX,5,Sal pul,0.108108108
2019,TL,ST,EX,5,Vac uli,0.054054054
2019,TL,ST,EX,5,Vac vit,0
2019,TL,ST,EX,5,St. D. Bet.,0
2019,TL,ST,EX,5,sal ret,0.126126126
2019,TL,ST,EX,5,unk 2,0
2019,TL,ST,EX,5,vac vit winter kill,0
2019,TL,ST,EX,6,moss,0.076923077
2019,TL,ST,EX,6,lichen,0
2019,TL,ST,EX,6,litter,0.276923077
2019,TL,ST,EX,6,frost boil,0
2019,TL,ST,EX,6,bare,0
2019,TL,ST,EX,6,And pol,0
2019,TL,ST,EX,6,Bet nan,0.046153846
2019,TL,ST,EX,6,Car big,0.007692308
2019,TL,ST,EX,6,Cas tet,0
2019,TL,ST,EX,6,Emp nig,0
2019,TL,ST,EX,6,Eri vag,0.338461538
2019,TL,ST,EX,6,Led pal,0
2019,TL,ST,EX,6,Ped lap,0
2019,TL,ST,EX,6,Pol bis,0.007692308
2019,TL,ST,EX,6,Rub cha,0
2019,TL,ST,EX,6,Sal pul,0.092307692
2019,TL,ST,EX,6,Vac uli,0.030769231
2019,TL,ST,EX,6,Vac vit,0
2019,TL,ST,EX,6,St. D. Bet.,0
2019,TL,ST,EX,6,sal ret,0.123076923
2019,TL,ST,EX,6,unk 2,0
2019,TL,ST,EX,6,vac vit winter kill,0
2019,TL,ST,EX,7,moss,0.041666667
2019,TL,ST,EX,7,lichen,0
2019,TL,ST,EX,7,litter,0.166666667
2019,TL,ST,EX,7,frost boil,0
2019,TL,ST,EX,7,bare,0
2019,TL,ST,EX,7,And pol,0
2019,TL,ST,EX,7,Bet nan,0.013888889
2019,TL,ST,EX,7,Car big,0
2019,TL,ST,EX,7,Cas tet,0.006944444
2019,TL,ST,EX,7,Emp nig,0
2019,TL,ST,EX,7,Eri vag,0.527777778
2019,TL,ST,EX,7,Led pal,0.006944444
2019,TL,ST,EX,7,Ped lap,0
2019,TL,ST,EX,7,Pol bis,0
2019,TL,ST,EX,7,Rub cha,0
2019,TL,ST,EX,7,Sal pul,0.097222222
2019,TL,ST,EX,7,Vac uli,0.027777778
2019,TL,ST,EX,7,Vac vit,0
2019,TL,ST,EX,7,St. D. Bet.,0
2019,TL,ST,EX,7,sal ret,0.111111111
2019,TL,ST,EX,7,unk 2,0
2019,TL,ST,EX,7,vac vit winter kill,0
2019,TL,ST,EX,8,moss,0.143884892
2019,TL,ST,EX,8,lichen,0.014388489
2019,TL,ST,EX,8,litter,0.230215827
2019,TL,ST,EX,8,frost boil,0
2019,TL,ST,EX,8,bare,0
2019,TL,ST,EX,8,And pol,0.014388489
2019,TL,ST,EX,8,Bet nan,0.071942446
2019,TL,ST,EX,8,Car big,0.007194245
2019,TL,ST,EX,8,Cas tet,0
2019,TL,ST,EX,8,Emp nig,0.014388489
2019,TL,ST,EX,8,Eri vag,0.287769784
2019,TL,ST,EX,8,Led pal,0
2019,TL,ST,EX,8,Ped lap,0
2019,TL,ST,EX,8,Pol bis,0
2019,TL,ST,EX,8,Rub cha,0
2019,TL,ST,EX,8,Sal pul,0.057553957
2019,TL,ST,EX,8,Vac uli,0.014388489
2019,TL,ST,EX,8,Vac vit,0
2019,TL,ST,EX,8,St. D. Bet.,0
2019,TL,ST,EX,8,sal ret,0.143884892
2019,TL,ST,EX,8,unk 2,0
2019,TL,ST,EX,8,vac vit winter kill,0
2019,TL,ST,PU,1,moss,0.103448276
2019,TL,ST,PU,1,lichen,0.022988506
2019,TL,ST,PU,1,litter,0.114942529
2019,TL,ST,PU,1,frost boil,0
2019,TL,ST,PU,1,bare,0
2019,TL,ST,PU,1,And pol,0
2019,TL,ST,PU,1,Bet nan,0.091954023
2019,TL,ST,PU,1,Car big,0.022988506
2019,TL,ST,PU,1,Cas tet,0.022988506
2019,TL,ST,PU,1,Emp nig,0.068965517
2019,TL,ST,PU,1,Eri vag,0.298850575
2019,TL,ST,PU,1,Led pal,0.011494253
2019,TL,ST,PU,1,Ped lap,0
2019,TL,ST,PU,1,Pol bis,0
2019,TL,ST,PU,1,Rub cha,0.091954023
2019,TL,ST,PU,1,Sal pul,0.034482759
2019,TL,ST,PU,1,Vac uli,0.034482759
2019,TL,ST,PU,1,Vac vit,0.022988506
2019,TL,ST,PU,1,St. D. Bet.,0
2019,TL,ST,PU,1,cas tet dead,0.022988506
2019,TL,ST,PU,1,arc alp,0.022988506
2019,TL,ST,PU,1,led pal dead,0.011494253
2019,TL,ST,PU,1,vac vit dead,0
2019,TL,ST,PU,1,dead shrub(bet)?,0
2019,TL,ST,PU,2,moss,0.193548387
2019,TL,ST,PU,2,lichen,0.036866359
2019,TL,ST,PU,2,litter,0.092165899
2019,TL,ST,PU,2,frost boil,0
2019,TL,ST,PU,2,bare,0
2019,TL,ST,PU,2,And pol,0
2019,TL,ST,PU,2,Bet nan,0.119815668
2019,TL,ST,PU,2,Car big,0.064516129
2019,TL,ST,PU,2,Cas tet,0.02764977
2019,TL,ST,PU,2,Emp nig,0.073732719
2019,TL,ST,PU,2,Eri vag,0.073732719
2019,TL,ST,PU,2,Led pal,0.00921659
2019,TL,ST,PU,2,Ped lap,0
2019,TL,ST,PU,2,Pol bis,0.004608295
2019,TL,ST,PU,2,Rub cha,0.110599078
2019,TL,ST,PU,2,Sal pul,0.092165899
2019,TL,ST,PU,2,Vac uli,0.01843318
2019,TL,ST,PU,2,Vac vit,0.082949309
2019,TL,ST,PU,2,St. D. Bet.,0
2019,TL,ST,PU,2,cas tet dead,0
2019,TL,ST,PU,2,arc alp,0
2019,TL,ST,PU,2,led pal dead,0
2019,TL,ST,PU,2,vac vit dead,0
2019,TL,ST,PU,2,dead shrub(bet)?,0
2019,TL,ST,PU,3,moss,0.08988764
2019,TL,ST,PU,3,lichen,0.033707865
2019,TL,ST,PU,3,litter,0.056179775
2019,TL,ST,PU,3,frost boil,0
2019,TL,ST,PU,3,bare,0
2019,TL,ST,PU,3,And pol,0.005617978
2019,TL,ST,PU,3,Bet nan,0.146067416
2019,TL,ST,PU,3,Car big,0.056179775
2019,TL,ST,PU,3,Cas tet,0.011235955
2019,TL,ST,PU,3,Emp nig,0.101123596
2019,TL,ST,PU,3,Eri vag,0.123595506
2019,TL,ST,PU,3,Led pal,0.011235955
2019,TL,ST,PU,3,Ped lap,0.005617978
2019,TL,ST,PU,3,Pol bis,0.011235955
2019,TL,ST,PU,3,Rub cha,0.112359551
2019,TL,ST,PU,3,Sal pul,0.101123596
2019,TL,ST,PU,3,Vac uli,0.011235955
2019,TL,ST,PU,3,Vac vit,0.123595506
2019,TL,ST,PU,3,St. D. Bet.,0
2019,TL,ST,PU,3,cas tet dead,0
2019,TL,ST,PU,3,arc alp,0
2019,TL,ST,PU,3,led pal dead,0
2019,TL,ST,PU,3,vac vit dead,0
2019,TL,ST,PU,3,dead shrub(bet)?,0
2019,TL,ST,PU,4,moss,0.086956522
2019,TL,ST,PU,4,lichen,0.02173913
2019,TL,ST,PU,4,litter,0.130434783
2019,TL,ST,PU,4,frost boil,0
2019,TL,ST,PU,4,bare,0
2019,TL,ST,PU,4,And pol,0
2019,TL,ST,PU,4,Bet nan,0.032608696
2019,TL,ST,PU,4,Car big,0.010869565
2019,TL,ST,PU,4,Cas tet,0
2019,TL,ST,PU,4,Emp nig,0.086956522
2019,TL,ST,PU,4,Eri vag,0.304347826
2019,TL,ST,PU,4,Led pal,0
2019,TL,ST,PU,4,Ped lap,0.005434783
2019,TL,ST,PU,4,Pol bis,0.005434783
2019,TL,ST,PU,4,Rub cha,0.02173913
2019,TL,ST,PU,4,Sal pul,0.076086957
2019,TL,ST,PU,4,Vac uli,0.152173913
2019,TL,ST,PU,4,Vac vit,0.065217391
2019,TL,ST,PU,4,St. D. Bet.,0
2019,TL,ST,PU,4,cas tet dead,0
2019,TL,ST,PU,4,arc alp,0
2019,TL,ST,PU,4,led pal dead,0
2019,TL,ST,PU,4,vac vit dead,0
2019,TL,ST,PU,4,dead shrub(bet)?,0
2019,TL,ST,PU,5,moss,0.157894737
2019,TL,ST,PU,5,lichen,0
2019,TL,ST,PU,5,litter,0.042105263
2019,TL,ST,PU,5,frost boil,0
2019,TL,ST,PU,5,bare,0
2019,TL,ST,PU,5,And pol,0.005263158
2019,TL,ST,PU,5,Bet nan,0.157894737
2019,TL,ST,PU,5,Car big,0.010526316
2019,TL,ST,PU,5,Cas tet,0
2019,TL,ST,PU,5,Emp nig,0.084210526
2019,TL,ST,PU,5,Eri vag,0.221052632
2019,TL,ST,PU,5,Led pal,0.010526316
2019,TL,ST,PU,5,Ped lap,0.010526316
2019,TL,ST,PU,5,Pol bis,0.005263158
2019,TL,ST,PU,5,Rub cha,0.042105263
2019,TL,ST,PU,5,Sal pul,0.042105263
2019,TL,ST,PU,5,Vac uli,0
2019,TL,ST,PU,5,Vac vit,0.136842105
2019,TL,ST,PU,5,St. D. Bet.,0
2019,TL,ST,PU,5,cas tet dead,0
2019,TL,ST,PU,5,arc alp,0
2019,TL,ST,PU,5,led pal dead,0
2019,TL,ST,PU,5,vac vit dead,0.031578947
2019,TL,ST,PU,5,dead shrub(bet)?,0.042105263
2019,TL,ST,PU,6,moss,0.305263158
2019,TL,ST,PU,6,lichen,0
2019,TL,ST,PU,6,litter,0.031578947
2019,TL,ST,PU,6,frost boil,0
2019,TL,ST,PU,6,bare,0
2019,TL,ST,PU,6,And pol,0
2019,TL,ST,PU,6,Bet nan,0.273684211
2019,TL,ST,PU,6,Car big,0.021052632
2019,TL,ST,PU,6,Cas tet,0
2019,TL,ST,PU,6,Emp nig,0.042105263
2019,TL,ST,PU,6,Eri vag,0.105263158
2019,TL,ST,PU,6,Led pal,0.010526316
2019,TL,ST,PU,6,Ped lap,0
2019,TL,ST,PU,6,Pol bis,0.021052632
2019,TL,ST,PU,6,Rub cha,0.031578947
2019,TL,ST,PU,6,Sal pul,0.021052632
2019,TL,ST,PU,6,Vac uli,0
2019,TL,ST,PU,6,Vac vit,0.094736842
2019,TL,ST,PU,6,St. D. Bet.,0
2019,TL,ST,PU,6,cas tet dead,0
2019,TL,ST,PU,6,arc alp,0
2019,TL,ST,PU,6,led pal dead,0
2019,TL,ST,PU,6,vac vit dead,0.042105263
2019,TL,ST,PU,6,dead shrub(bet)?,0
2019,TL,ST,PU,7,moss,0.210526316
2019,TL,ST,PU,7,lichen,0.004784689
2019,TL,ST,PU,7,litter,0.038277512
2019,TL,ST,PU,7,frost boil,0
2019,TL,ST,PU,7,bare,0
2019,TL,ST,PU,7,And pol,0.028708134
2019,TL,ST,PU,7,Bet nan,0.229665072
2019,TL,ST,PU,7,Car big,0.019138756
2019,TL,ST,PU,7,Cas tet,0
2019,TL,ST,PU,7,Emp nig,0.009569378
2019,TL,ST,PU,7,Eri vag,0.133971292
2019,TL,ST,PU,7,Led pal,0.009569378
2019,TL,ST,PU,7,Ped lap,0
2019,TL,ST,PU,7,Pol bis,0.019138756
2019,TL,ST,PU,7,Rub cha,0.028708134
2019,TL,ST,PU,7,Sal pul,0.086124402
2019,TL,ST,PU,7,Vac uli,0
2019,TL,ST,PU,7,Vac vit,0.105263158
2019,TL,ST,PU,7,St. D. Bet.,0.019138756
2019,TL,ST,PU,7,cas tet dead,0
2019,TL,ST,PU,7,arc alp,0
2019,TL,ST,PU,7,led pal dead,0.057416268
2019,TL,ST,PU,7,vac vit dead,0
2019,TL,ST,PU,7,dead shrub(bet)?,0
2019,TL,ST,PU,8,moss,0.158730159
2019,TL,ST,PU,8,lichen,0.005291005
2019,TL,ST,PU,8,litter,0.063492063
2019,TL,ST,PU,8,frost boil,0
2019,TL,ST,PU,8,bare,0
2019,TL,ST,PU,8,And pol,0.021164021
2019,TL,ST,PU,8,Bet nan,0.126984127
2019,TL,ST,PU,8,Car big,0
2019,TL,ST,PU,8,Cas tet,0
2019,TL,ST,PU,8,Emp nig,0.042328042
2019,TL,ST,PU,8,Eri vag,0.243386243
2019,TL,ST,PU,8,Led pal,0.021164021
2019,TL,ST,PU,8,Ped lap,0.021164021
2019,TL,ST,PU,8,Pol bis,0.010582011
2019,TL,ST,PU,8,Rub cha,0.042328042
2019,TL,ST,PU,8,Sal pul,0.031746032
2019,TL,ST,PU,8,Vac uli,0
2019,TL,ST,PU,8,Vac vit,0.105820106
2019,TL,ST,PU,8,St. D. Bet.,0.010582011
2019,TL,ST,PU,8,cas tet dead,0
2019,TL,ST,PU,8,arc alp,0
2019,TL,ST,PU,8,led pal dead,0.052910053
2019,TL,ST,PU,8,vac vit dead,0.042328042
2019,TL,ST,PU,8,dead shrub(bet)?,0
2019,TL,ST,PR,1,moss,0.095744681
2019,TL,ST,PR,1,lichen,0
2019,TL,ST,PR,1,litter,0.074468085
2019,TL,ST,PR,1,frost boil,0
2019,TL,ST,PR,1,bare,0
2019,TL,ST,PR,1,And pol,0
2019,TL,ST,PR,1,Bet nan,0.053191489
2019,TL,ST,PR,1,Car big,0.106382979
2019,TL,ST,PR,1,Cas tet,0.063829787
2019,TL,ST,PR,1,Emp nig,0.031914894
2019,TL,ST,PR,1,Eri vag,0.170212766
2019,TL,ST,PR,1,Led pal,0.021276596
2019,TL,ST,PR,1,Ped lap,0
2019,TL,ST,PR,1,Pol bis,0.021276596
2019,TL,ST,PR,1,Rub cha,0.063829787
2019,TL,ST,PR,1,Sal pul,0.20212766
2019,TL,ST,PR,1,Vac uli,0.021276596
2019,TL,ST,PR,1,Vac vit,0
2019,TL,ST,PR,1,St. D. Bet.,0
2019,TL,ST,PR,1,led pal dead,0.021276596
2019,TL,ST,PR,1,sal ret?,0.053191489
2019,TL,ST,PR,1,dead vac vit,0
2019,TL,ST,PR,1,unk 3,0
2019,TL,ST,PR,2,moss,0.071856287
2019,TL,ST,PR,2,lichen,0.011976048
2019,TL,ST,PR,2,litter,0.095808383
2019,TL,ST,PR,2,frost boil,0
2019,TL,ST,PR,2,bare,0.011976048
2019,TL,ST,PR,2,And pol,0
2019,TL,ST,PR,2,Bet nan,0.05988024
2019,TL,ST,PR,2,Car big,0.035928144
2019,TL,ST,PR,2,Cas tet,0.035928144
2019,TL,ST,PR,2,Emp nig,0.035928144
2019,TL,ST,PR,2,Eri vag,0.383233533
2019,TL,ST,PR,2,Led pal,0.035928144
2019,TL,ST,PR,2,Ped lap,0.005988024
2019,TL,ST,PR,2,Pol bis,0.011976048
2019,TL,ST,PR,2,Rub cha,0.047904192
2019,TL,ST,PR,2,Sal pul,0
2019,TL,ST,PR,2,Vac uli,0.047904192
2019,TL,ST,PR,2,Vac vit,0.047904192
2019,TL,ST,PR,2,St. D. Bet.,0
2019,TL,ST,PR,2,led pal dead,0
2019,TL,ST,PR,2,sal ret?,0.05988024
2019,TL,ST,PR,2,dead vac vit,0
2019,TL,ST,PR,2,unk 3,0
2019,TL,ST,PR,3,moss,0.044444444
2019,TL,ST,PR,3,lichen,0.022222222
2019,TL,ST,PR,3,litter,0.088888889
2019,TL,ST,PR,3,frost boil,0
2019,TL,ST,PR,3,bare,0
2019,TL,ST,PR,3,And pol,0
2019,TL,ST,PR,3,Bet nan,0.022222222
2019,TL,ST,PR,3,Car big,0.011111111
2019,TL,ST,PR,3,Cas tet,0.044444444
2019,TL,ST,PR,3,Emp nig,0.033333333
2019,TL,ST,PR,3,Eri vag,0.366666667
2019,TL,ST,PR,3,Led pal,0.033333333
2019,TL,ST,PR,3,Ped lap,0
2019,TL,ST,PR,3,Pol bis,0
2019,TL,ST,PR,3,Rub cha,0.066666667
2019,TL,ST,PR,3,Sal pul,0.044444444
2019,TL,ST,PR,3,Vac uli,0.011111111
2019,TL,ST,PR,3,Vac vit,0.044444444
2019,TL,ST,PR,3,St. D. Bet.,0
2019,TL,ST,PR,3,led pal dead,0
2019,TL,ST,PR,3,sal ret?,0.166666667
2019,TL,ST,PR,3,dead vac vit,0
2019,TL,ST,PR,3,unk 3,0
2019,TL,ST,PR,4,moss,0.053475936
2019,TL,ST,PR,4,lichen,0.010695187
2019,TL,ST,PR,4,litter,0.096256684
2019,TL,ST,PR,4,frost boil,0
2019,TL,ST,PR,4,bare,0
2019,TL,ST,PR,4,And pol,0
2019,TL,ST,PR,4,Bet nan,0.021390374
2019,TL,ST,PR,4,Car big,0
2019,TL,ST,PR,4,Cas tet,0.032085561
2019,TL,ST,PR,4,Emp nig,0.042780749
2019,TL,ST,PR,4,Eri vag,0.320855615
2019,TL,ST,PR,4,Led pal,0.021390374
2019,TL,ST,PR,4,Ped lap,0
2019,TL,ST,PR,4,Pol bis,0.005347594
2019,TL,ST,PR,4,Rub cha,0.032085561
2019,TL,ST,PR,4,Sal pul,0.096256684
2019,TL,ST,PR,4,Vac uli,0.021390374
2019,TL,ST,PR,4,Vac vit,0.064171123
2019,TL,ST,PR,4,St. D. Bet.,0
2019,TL,ST,PR,4,led pal dead,0
2019,TL,ST,PR,4,sal ret?,0.181818182
2019,TL,ST,PR,4,dead vac vit,0
2019,TL,ST,PR,4,unk 3,0
2019,TL,ST,PR,5,moss,0.06557377
2019,TL,ST,PR,5,lichen,0.021857923
2019,TL,ST,PR,5,litter,0.109289617
2019,TL,ST,PR,5,frost boil,0
2019,TL,ST,PR,5,bare,0
2019,TL,ST,PR,5,And pol,0.005464481
2019,TL,ST,PR,5,Bet nan,0.054644809
2019,TL,ST,PR,5,Car big,0.043715847
2019,TL,ST,PR,5,Cas tet,0
2019,TL,ST,PR,5,Emp nig,0.043715847
2019,TL,ST,PR,5,Eri vag,0.273224044
2019,TL,ST,PR,5,Led pal,0.043715847
2019,TL,ST,PR,5,Ped lap,0.005464481
2019,TL,ST,PR,5,Pol bis,0.005464481
2019,TL,ST,PR,5,Rub cha,0.06557377
2019,TL,ST,PR,5,Sal pul,0.021857923
2019,TL,ST,PR,5,Vac uli,0.021857923
2019,TL,ST,PR,5,Vac vit,0.076502732
2019,TL,ST,PR,5,St. D. Bet.,0
2019,TL,ST,PR,5,led pal dead,0
2019,TL,ST,PR,5,sal ret?,0.142076503
2019,TL,ST,PR,5,dead vac vit,0
2019,TL,ST,PR,5,unk 3,0
2019,TL,ST,PR,6,moss,0.111111111
2019,TL,ST,PR,6,lichen,0.01010101
2019,TL,ST,PR,6,litter,0.080808081
2019,TL,ST,PR,6,frost boil,0
2019,TL,ST,PR,6,bare,0.050505051
2019,TL,ST,PR,6,And pol,0
2019,TL,ST,PR,6,Bet nan,0.01010101
2019,TL,ST,PR,6,Car big,0.01010101
2019,TL,ST,PR,6,Cas tet,0.005050505
2019,TL,ST,PR,6,Emp nig,0.02020202
2019,TL,ST,PR,6,Eri vag,0.363636364
2019,TL,ST,PR,6,Led pal,0.01010101
2019,TL,ST,PR,6,Ped lap,0.005050505
2019,TL,ST,PR,6,Pol bis,0.01010101
2019,TL,ST,PR,6,Rub cha,0.02020202
2019,TL,ST,PR,6,Sal pul,0.02020202
2019,TL,ST,PR,6,Vac uli,0.01010101
2019,TL,ST,PR,6,Vac vit,0.04040404
2019,TL,ST,PR,6,St. D. Bet.,0
2019,TL,ST,PR,6,led pal dead,0.02020202
2019,TL,ST,PR,6,sal ret?,0.171717172
2019,TL,ST,PR,6,dead vac vit,0.03030303
2019,TL,ST,PR,6,unk 3,0
2019,TL,ST,PR,7,moss,0.1
2019,TL,ST,PR,7,lichen,0.02
2019,TL,ST,PR,7,litter,0.06
2019,TL,ST,PR,7,frost boil,0
2019,TL,ST,PR,7,bare,0.04
2019,TL,ST,PR,7,And pol,0
2019,TL,ST,PR,7,Bet nan,0
2019,TL,ST,PR,7,Car big,0.05
2019,TL,ST,PR,7,Cas tet,0.01
2019,TL,ST,PR,7,Emp nig,0.03
2019,TL,ST,PR,7,Eri vag,0.25
2019,TL,ST,PR,7,Led pal,0.06
2019,TL,ST,PR,7,Ped lap,0
2019,TL,ST,PR,7,Pol bis,0.02
2019,TL,ST,PR,7,Rub cha,0.03
2019,TL,ST,PR,7,Sal pul,0.05
2019,TL,ST,PR,7,Vac uli,0.04
2019,TL,ST,PR,7,Vac vit,0.07
2019,TL,ST,PR,7,St. D. Bet.,0
2019,TL,ST,PR,7,led pal dead,0
2019,TL,ST,PR,7,sal ret?,0.16
2019,TL,ST,PR,7,dead vac vit,0
2019,TL,ST,PR,7,unk 3,0.01
2019,TL,ST,PR,8,moss,0.124293785
2019,TL,ST,PR,8,lichen,0.005649718
2019,TL,ST,PR,8,litter,0.124293785
2019,TL,ST,PR,8,frost boil,0
2019,TL,ST,PR,8,bare,0.011299435
2019,TL,ST,PR,8,And pol,0
2019,TL,ST,PR,8,Bet nan,0.06779661
2019,TL,ST,PR,8,Car big,0.033898305
2019,TL,ST,PR,8,Cas tet,0
2019,TL,ST,PR,8,Emp nig,0.011299435
2019,TL,ST,PR,8,Eri vag,0.305084746
2019,TL,ST,PR,8,Led pal,0.079096045
2019,TL,ST,PR,8,Ped lap,0
2019,TL,ST,PR,8,Pol bis,0.02259887
2019,TL,ST,PR,8,Rub cha,0.011299435
2019,TL,ST,PR,8,Sal pul,0
2019,TL,ST,PR,8,Vac uli,0
2019,TL,ST,PR,8,Vac vit,0.09039548
2019,TL,ST,PR,8,St. D. Bet.,0
2019,TL,ST,PR,8,led pal dead,0
2019,TL,ST,PR,8,sal ret?,0.09039548
2019,TL,ST,PR,8,dead vac vit,0.02259887
2019,TL,ST,PR,8,unk 3,0
2019,TL,PL,PU,1,moss,0.125874126
2019,TL,PL,PU,1,lichen,0.013986014
2019,TL,PL,PU,1,litter,0.06993007
2019,TL,PL,PU,1,frost boil,0
2019,TL,PL,PU,1,bare,0.006993007
2019,TL,PL,PU,1,And pol,0
2019,TL,PL,PU,1,Bet nan,0.153846154
2019,TL,PL,PU,1,Car big,0.181818182
2019,TL,PL,PU,1,Cas tet,0
2019,TL,PL,PU,1,Emp nig,0
2019,TL,PL,PU,1,Eri vag,0.167832168
2019,TL,PL,PU,1,Led pal,0.083916084
2019,TL,PL,PU,1,Ped lap,0
2019,TL,PL,PU,1,Pol bis,0
2019,TL,PL,PU,1,Rub cha,0
2019,TL,PL,PU,1,Sal pul,0.055944056
2019,TL,PL,PU,1,Vac uli,0.06993007
2019,TL,PL,PU,1,Vac vit,0.06993007
2019,TL,PL,PU,1,St. D. Bet.,0
2019,TL,PL,PU,1,unk 4,0
2019,TL,PL,PU,1,sal ret,0
2019,TL,PL,PU,2,moss,0.106060606
2019,TL,PL,PU,2,lichen,0.015151515
2019,TL,PL,PU,2,litter,0.106060606
2019,TL,PL,PU,2,frost boil,0
2019,TL,PL,PU,2,bare,0
2019,TL,PL,PU,2,And pol,0
2019,TL,PL,PU,2,Bet nan,0.166666667
2019,TL,PL,PU,2,Car big,0.196969697
2019,TL,PL,PU,2,Cas tet,0
2019,TL,PL,PU,2,Emp nig,0
2019,TL,PL,PU,2,Eri vag,0.121212121
2019,TL,PL,PU,2,Led pal,0.106060606
2019,TL,PL,PU,2,Ped lap,0
2019,TL,PL,PU,2,Pol bis,0
2019,TL,PL,PU,2,Rub cha,0
2019,TL,PL,PU,2,Sal pul,0.060606061
2019,TL,PL,PU,2,Vac uli,0.015151515
2019,TL,PL,PU,2,Vac vit,0.075757576
2019,TL,PL,PU,2,St. D. Bet.,0.03030303
2019,TL,PL,PU,2,unk 4,0
2019,TL,PL,PU,2,sal ret,0
2019,TL,PL,PU,3,moss,0.092592593
2019,TL,PL,PU,3,lichen,0
2019,TL,PL,PU,3,litter,0.111111111
2019,TL,PL,PU,3,frost boil,0
2019,TL,PL,PU,3,bare,0
2019,TL,PL,PU,3,And pol,0
2019,TL,PL,PU,3,Bet nan,0.148148148
2019,TL,PL,PU,3,Car big,0.092592593
2019,TL,PL,PU,3,Cas tet,0
2019,TL,PL,PU,3,Emp nig,0
2019,TL,PL,PU,3,Eri vag,0.277777778
2019,TL,PL,PU,3,Led pal,0.092592593
2019,TL,PL,PU,3,Ped lap,0
2019,TL,PL,PU,3,Pol bis,0
2019,TL,PL,PU,3,Rub cha,0
2019,TL,PL,PU,3,Sal pul,0.111111111
2019,TL,PL,PU,3,Vac uli,0.037037037
2019,TL,PL,PU,3,Vac vit,0.037037037
2019,TL,PL,PU,3,St. D. Bet.,0
2019,TL,PL,PU,3,unk 4,0
2019,TL,PL,PU,3,sal ret,0
2019,TL,PL,PU,4,moss,0.017241379
2019,TL,PL,PU,4,lichen,0
2019,TL,PL,PU,4,litter,0.086206897
2019,TL,PL,PU,4,frost boil,0
2019,TL,PL,PU,4,bare,0
2019,TL,PL,PU,4,And pol,0
2019,TL,PL,PU,4,Bet nan,0.086206897
2019,TL,PL,PU,4,Car big,0.155172414
2019,TL,PL,PU,4,Cas tet,0
2019,TL,PL,PU,4,Emp nig,0
2019,TL,PL,PU,4,Eri vag,0.344827586
2019,TL,PL,PU,4,Led pal,0.051724138
2019,TL,PL,PU,4,Ped lap,0
2019,TL,PL,PU,4,Pol bis,0
2019,TL,PL,PU,4,Rub cha,0
2019,TL,PL,PU,4,Sal pul,0.120689655
2019,TL,PL,PU,4,Vac uli,0.068965517
2019,TL,PL,PU,4,Vac vit,0.068965517
2019,TL,PL,PU,4,St. D. Bet.,0
2019,TL,PL,PU,4,unk 4,0
2019,TL,PL,PU,4,sal ret,0
2019,TL,PL,PU,5,moss,0.028571429
2019,TL,PL,PU,5,lichen,0
2019,TL,PL,PU,5,litter,0.128571429
2019,TL,PL,PU,5,frost boil,0
2019,TL,PL,PU,5,bare,0
2019,TL,PL,PU,5,And pol,0
2019,TL,PL,PU,5,Bet nan,0.114285714
2019,TL,PL,PU,5,Car big,0.114285714
2019,TL,PL,PU,5,Cas tet,0
2019,TL,PL,PU,5,Emp nig,0
2019,TL,PL,PU,5,Eri vag,0.285714286
2019,TL,PL,PU,5,Led pal,0.042857143
2019,TL,PL,PU,5,Ped lap,0.007142857
2019,TL,PL,PU,5,Pol bis,0
2019,TL,PL,PU,5,Rub cha,0
2019,TL,PL,PU,5,Sal pul,0.128571429
2019,TL,PL,PU,5,Vac uli,0.1
2019,TL,PL,PU,5,Vac vit,0.042857143
2019,TL,PL,PU,5,St. D. Bet.,0
2019,TL,PL,PU,5,unk 4,0.007142857
2019,TL,PL,PU,5,sal ret,0
2019,TL,PL,PU,6,moss,0.018181818
2019,TL,PL,PU,6,lichen,0
2019,TL,PL,PU,6,litter,0.2
2019,TL,PL,PU,6,frost boil,0
2019,TL,PL,PU,6,bare,0
2019,TL,PL,PU,6,And pol,0
2019,TL,PL,PU,6,Bet nan,0.036363636
2019,TL,PL,PU,6,Car big,0.163636364
2019,TL,PL,PU,6,Cas tet,0
2019,TL,PL,PU,6,Emp nig,0
2019,TL,PL,PU,6,Eri vag,0.345454545
2019,TL,PL,PU,6,Led pal,0.036363636
2019,TL,PL,PU,6,Ped lap,0
2019,TL,PL,PU,6,Pol bis,0
2019,TL,PL,PU,6,Rub cha,0
2019,TL,PL,PU,6,Sal pul,0.018181818
2019,TL,PL,PU,6,Vac uli,0.072727273
2019,TL,PL,PU,6,Vac vit,0.018181818
2019,TL,PL,PU,6,St. D. Bet.,0
2019,TL,PL,PU,6,unk 4,0
2019,TL,PL,PU,6,sal ret,0.090909091
2019,TL,PL,PU,7,moss,0.13986014
2019,TL,PL,PU,7,lichen,0.006993007
2019,TL,PL,PU,7,litter,0.111888112
2019,TL,PL,PU,7,frost boil,0
2019,TL,PL,PU,7,bare,0.041958042
2019,TL,PL,PU,7,And pol,0
2019,TL,PL,PU,7,Bet nan,0.083916084
2019,TL,PL,PU,7,Car big,0.167832168
2019,TL,PL,PU,7,Cas tet,0
2019,TL,PL,PU,7,Emp nig,0
2019,TL,PL,PU,7,Eri vag,0.153846154
2019,TL,PL,PU,7,Led pal,0.06993007
2019,TL,PL,PU,7,Ped lap,0.006993007
2019,TL,PL,PU,7,Pol bis,0
2019,TL,PL,PU,7,Rub cha,0
2019,TL,PL,PU,7,Sal pul,0.083916084
2019,TL,PL,PU,7,Vac uli,0.055944056
2019,TL,PL,PU,7,Vac vit,0.006993007
2019,TL,PL,PU,7,St. D. Bet.,0.027972028
2019,TL,PL,PU,7,unk 4,0
2019,TL,PL,PU,7,sal ret,0.041958042
2019,TL,PL,PU,8,moss,0.30075188
2019,TL,PL,PU,8,lichen,0
2019,TL,PL,PU,8,litter,0.105263158
2019,TL,PL,PU,8,frost boil,0
2019,TL,PL,PU,8,bare,0.030075188
2019,TL,PL,PU,8,And pol,0.007518797
2019,TL,PL,PU,8,Bet nan,0.060150376
2019,TL,PL,PU,8,Car big,0.240601504
2019,TL,PL,PU,8,Cas tet,0
2019,TL,PL,PU,8,Emp nig,0
2019,TL,PL,PU,8,Eri vag,0.090225564
2019,TL,PL,PU,8,Led pal,0
2019,TL,PL,PU,8,Ped lap,0.015037594
2019,TL,PL,PU,8,Pol bis,0
2019,TL,PL,PU,8,Rub cha,0
2019,TL,PL,PU,8,Sal pul,0.045112782
2019,TL,PL,PU,8,Vac uli,0.045112782
2019,TL,PL,PU,8,Vac vit,0.045112782
2019,TL,PL,PU,8,St. D. Bet.,0.015037594
2019,TL,PL,PU,8,unk 4,0
2019,TL,PL,PU,8,sal ret,0
2019,TL,PL,PR,1,moss,0.255813953
2019,TL,PL,PR,1,lichen,0.011627907
2019,TL,PL,PR,1,litter,0.11627907
2019,TL,PL,PR,1,frost boil,0
2019,TL,PL,PR,1,bare,0.023255814
2019,TL,PL,PR,1,And pol,0
2019,TL,PL,PR,1,Bet nan,0.069767442
2019,TL,PL,PR,1,Car big,0.069767442
2019,TL,PL,PR,1,Cas tet,0
2019,TL,PL,PR,1,Emp nig,0
2019,TL,PL,PR,1,Eri vag,0.151162791
2019,TL,PL,PR,1,Led pal,0.093023256
2019,TL,PL,PR,1,Ped lap,0.011627907
2019,TL,PL,PR,1,Pol bis,0
2019,TL,PL,PR,1,Rub cha,0
2019,TL,PL,PR,1,Sal pul,0.127906977
2019,TL,PL,PR,1,Vac uli,0.034883721
2019,TL,PL,PR,1,Vac vit,0.034883721
2019,TL,PL,PR,1,St. D. Bet.,0
2019,TL,PL,PR,1,flower,0
2019,TL,PL,PR,1,sal ret,0
2019,TL,PL,PR,1,unk 4,0
2019,TL,PL,PR,1,unk 2,0
2019,TL,PL,PR,1,arc alp,0
2019,TL,PL,PR,2,moss,0.210526316
2019,TL,PL,PR,2,lichen,0
2019,TL,PL,PR,2,litter,0.165413534
2019,TL,PL,PR,2,frost boil,0
2019,TL,PL,PR,2,bare,0
2019,TL,PL,PR,2,And pol,0
2019,TL,PL,PR,2,Bet nan,0.105263158
2019,TL,PL,PR,2,Car big,0.180451128
2019,TL,PL,PR,2,Cas tet,0
2019,TL,PL,PR,2,Emp nig,0
2019,TL,PL,PR,2,Eri vag,0.120300752
2019,TL,PL,PR,2,Led pal,0.060150376
2019,TL,PL,PR,2,Ped lap,0.007518797
2019,TL,PL,PR,2,Pol bis,0
2019,TL,PL,PR,2,Rub cha,0
2019,TL,PL,PR,2,Sal pul,0.045112782
2019,TL,PL,PR,2,Vac uli,0.07518797
2019,TL,PL,PR,2,Vac vit,0.007518797
2019,TL,PL,PR,2,St. D. Bet.,0.007518797
2019,TL,PL,PR,2,flower,0.007518797
2019,TL,PL,PR,2,sal ret,0.007518797
2019,TL,PL,PR,2,unk 4,0
2019,TL,PL,PR,2,unk 2,0
2019,TL,PL,PR,2,arc alp,0
2019,TL,PL,PR,3,moss,0.263157895
2019,TL,PL,PR,3,lichen,0
2019,TL,PL,PR,3,litter,0.105263158
2019,TL,PL,PR,3,frost boil,0
2019,TL,PL,PR,3,bare,0
2019,TL,PL,PR,3,And pol,0
2019,TL,PL,PR,3,Bet nan,0.078947368
2019,TL,PL,PR,3,Car big,0.157894737
2019,TL,PL,PR,3,Cas tet,0
2019,TL,PL,PR,3,Emp nig,0
2019,TL,PL,PR,3,Eri vag,0.092105263
2019,TL,PL,PR,3,Led pal,0.105263158
2019,TL,PL,PR,3,Ped lap,0.006578947
2019,TL,PL,PR,3,Pol bis,0.013157895
2019,TL,PL,PR,3,Rub cha,0
2019,TL,PL,PR,3,Sal pul,0.131578947
2019,TL,PL,PR,3,Vac uli,0
2019,TL,PL,PR,3,Vac vit,0.039473684
2019,TL,PL,PR,3,St. D. Bet.,0
2019,TL,PL,PR,3,flower,0
2019,TL,PL,PR,3,sal ret,0
2019,TL,PL,PR,3,unk 4,0
2019,TL,PL,PR,3,unk 2,0.006578947
2019,TL,PL,PR,3,arc alp,0
2019,TL,PL,PR,4,moss,0.088235294
2019,TL,PL,PR,4,lichen,0.004901961
2019,TL,PL,PR,4,litter,0.058823529
2019,TL,PL,PR,4,frost boil,0
2019,TL,PL,PR,4,bare,0
2019,TL,PL,PR,4,And pol,0
2019,TL,PL,PR,4,Bet nan,0.411764706
2019,TL,PL,PR,4,Car big,0.098039216
2019,TL,PL,PR,4,Cas tet,0
2019,TL,PL,PR,4,Emp nig,0
2019,TL,PL,PR,4,Eri vag,0.117647059
2019,TL,PL,PR,4,Led pal,0.039215686
2019,TL,PL,PR,4,Ped lap,0.019607843
2019,TL,PL,PR,4,Pol bis,0.019607843
2019,TL,PL,PR,4,Rub cha,0
2019,TL,PL,PR,4,Sal pul,0.058823529
2019,TL,PL,PR,4,Vac uli,0.004901961
2019,TL,PL,PR,4,Vac vit,0.039215686
2019,TL,PL,PR,4,St. D. Bet.,0
2019,TL,PL,PR,4,flower,0
2019,TL,PL,PR,4,sal ret,0.029411765
2019,TL,PL,PR,4,unk 4,0.004901961
2019,TL,PL,PR,4,unk 2,0.004901961
2019,TL,PL,PR,4,arc alp,0
2019,TL,PL,PR,5,moss,0.285714286
2019,TL,PL,PR,5,lichen,0.008403361
2019,TL,PL,PR,5,litter,0.168067227
2019,TL,PL,PR,5,frost boil,0
2019,TL,PL,PR,5,bare,0
2019,TL,PL,PR,5,And pol,0
2019,TL,PL,PR,5,Bet nan,0.016806723
2019,TL,PL,PR,5,Car big,0.25210084
2019,TL,PL,PR,5,Cas tet,0
2019,TL,PL,PR,5,Emp nig,0
2019,TL,PL,PR,5,Eri vag,0.18487395
2019,TL,PL,PR,5,Led pal,0.008403361
2019,TL,PL,PR,5,Ped lap,0
2019,TL,PL,PR,5,Pol bis,0
2019,TL,PL,PR,5,Rub cha,0
2019,TL,PL,PR,5,Sal pul,0
2019,TL,PL,PR,5,Vac uli,0
2019,TL,PL,PR,5,Vac vit,0
2019,TL,PL,PR,5,St. D. Bet.,0
2019,TL,PL,PR,5,flower,0.008403361
2019,TL,PL,PR,5,sal ret,0.067226891
2019,TL,PL,PR,5,unk 4,0
2019,TL,PL,PR,5,unk 2,0
2019,TL,PL,PR,5,arc alp,0
2019,TL,PL,PR,6,moss,0.242424242
2019,TL,PL,PR,6,lichen,0.015151515
2019,TL,PL,PR,6,litter,0.166666667
2019,TL,PL,PR,6,frost boil,0
2019,TL,PL,PR,6,bare,0
2019,TL,PL,PR,6,And pol,0
2019,TL,PL,PR,6,Bet nan,0.03030303
2019,TL,PL,PR,6,Car big,0.212121212
2019,TL,PL,PR,6,Cas tet,0
2019,TL,PL,PR,6,Emp nig,0
2019,TL,PL,PR,6,Eri vag,0.121212121
2019,TL,PL,PR,6,Led pal,0.007575758
2019,TL,PL,PR,6,Ped lap,0
2019,TL,PL,PR,6,Pol bis,0.007575758
2019,TL,PL,PR,6,Rub cha,0
2019,TL,PL,PR,6,Sal pul,0.106060606
2019,TL,PL,PR,6,Vac uli,0
2019,TL,PL,PR,6,Vac vit,0
2019,TL,PL,PR,6,St. D. Bet.,0
2019,TL,PL,PR,6,flower,0
2019,TL,PL,PR,6,sal ret,0.090909091
2019,TL,PL,PR,6,unk 4,0
2019,TL,PL,PR,6,unk 2,0
2019,TL,PL,PR,6,arc alp,0
2019,TL,PL,PR,7,moss,0.137931034
2019,TL,PL,PR,7,lichen,0
2019,TL,PL,PR,7,litter,0.220689655
2019,TL,PL,PR,7,frost boil,0
2019,TL,PL,PR,7,bare,0
2019,TL,PL,PR,7,And pol,0
2019,TL,PL,PR,7,Bet nan,0.055172414
2019,TL,PL,PR,7,Car big,0.179310345
2019,TL,PL,PR,7,Cas tet,0
2019,TL,PL,PR,7,Emp nig,0
2019,TL,PL,PR,7,Eri vag,0.179310345
2019,TL,PL,PR,7,Led pal,0
2019,TL,PL,PR,7,Ped lap,0
2019,TL,PL,PR,7,Pol bis,0.006896552
2019,TL,PL,PR,7,Rub cha,0
2019,TL,PL,PR,7,Sal pul,0.013793103
2019,TL,PL,PR,7,Vac uli,0
2019,TL,PL,PR,7,Vac vit,0
2019,TL,PL,PR,7,St. D. Bet.,0.027586207
2019,TL,PL,PR,7,flower,0
2019,TL,PL,PR,7,sal ret,0.124137931
2019,TL,PL,PR,7,unk 4,0
2019,TL,PL,PR,7,unk 2,0
2019,TL,PL,PR,7,arc alp,0.055172414
2019,TL,PL,PR,8,moss,0.091603053
2019,TL,PL,PR,8,lichen,0
2019,TL,PL,PR,8,litter,0.167938931
2019,TL,PL,PR,8,frost boil,0
2019,TL,PL,PR,8,bare,0.030534351
2019,TL,PL,PR,8,And pol,0
2019,TL,PL,PR,8,Bet nan,0.076335878
2019,TL,PL,PR,8,Car big,0.045801527
2019,TL,PL,PR,8,Cas tet,0
2019,TL,PL,PR,8,Emp nig,0
2019,TL,PL,PR,8,Eri vag,0.244274809
2019,TL,PL,PR,8,Led pal,0
2019,TL,PL,PR,8,Ped lap,0
2019,TL,PL,PR,8,Pol bis,0
2019,TL,PL,PR,8,Rub cha,0
2019,TL,PL,PR,8,Sal pul,0.183206107
2019,TL,PL,PR,8,Vac uli,0
2019,TL,PL,PR,8,Vac vit,0.007633588
2019,TL,PL,PR,8,St. D. Bet.,0.061068702
2019,TL,PL,PR,8,flower,0
2019,TL,PL,PR,8,sal ret,0.091603053
2019,TL,PL,PR,8,unk 4,0
2019,TL,PL,PR,8,unk 2,0
2019,TL,PL,PR,8,arc alp,0
2019,TL,PL,CT,1,moss,0.185714286
2019,TL,PL,CT,1,lichen,0.057142857
2019,TL,PL,CT,1,litter,0.114285714
2019,TL,PL,CT,1,frost boil,0
2019,TL,PL,CT,1,bare,0
2019,TL,PL,CT,1,And pol,0
2019,TL,PL,CT,1,Bet nan,0.057142857
2019,TL,PL,CT,1,Car big,0.085714286
2019,TL,PL,CT,1,Cas tet,0
2019,TL,PL,CT,1,Emp nig,0
2019,TL,PL,CT,1,Eri vag,0.114285714
2019,TL,PL,CT,1,Led pal,0.042857143
2019,TL,PL,CT,1,Ped lap,0
2019,TL,PL,CT,1,Pol bis,0.028571429
2019,TL,PL,CT,1,Rub cha,0
2019,TL,PL,CT,1,Sal pul,0.057142857
2019,TL,PL,CT,1,Vac uli,0.028571429
2019,TL,PL,CT,1,Vac vit,0.057142857
2019,TL,PL,CT,1,St. D. Bet.,0.071428571
2019,TL,PL,CT,1,vac vit winter kill,0.071428571
2019,TL,PL,CT,1,sal ret,0.028571429
2019,TL,PL,CT,1,unk 4,0
2019,TL,PL,CT,1,led pal winter kill,0
2019,TL,PL,CT,2,moss,0.342105263
2019,TL,PL,CT,2,lichen,0.078947368
2019,TL,PL,CT,2,litter,0.105263158
2019,TL,PL,CT,2,frost boil,0
2019,TL,PL,CT,2,bare,0.006578947
2019,TL,PL,CT,2,And pol,0
2019,TL,PL,CT,2,Bet nan,0.105263158
2019,TL,PL,CT,2,Car big,0.052631579
2019,TL,PL,CT,2,Cas tet,0
2019,TL,PL,CT,2,Emp nig,0
2019,TL,PL,CT,2,Eri vag,0.039473684
2019,TL,PL,CT,2,Led pal,0.026315789
2019,TL,PL,CT,2,Ped lap,0
2019,TL,PL,CT,2,Pol bis,0.013157895
2019,TL,PL,CT,2,Rub cha,0
2019,TL,PL,CT,2,Sal pul,0
2019,TL,PL,CT,2,Vac uli,0.006578947
2019,TL,PL,CT,2,Vac vit,0.065789474
2019,TL,PL,CT,2,St. D. Bet.,0.092105263
2019,TL,PL,CT,2,vac vit winter kill,0.039473684
2019,TL,PL,CT,2,sal ret,0.026315789
2019,TL,PL,CT,2,unk 4,0
2019,TL,PL,CT,2,led pal winter kill,0
2019,TL,PL,CT,3,moss,0.219178082
2019,TL,PL,CT,3,lichen,0.068493151
2019,TL,PL,CT,3,litter,0.109589041
2019,TL,PL,CT,3,frost boil,0
2019,TL,PL,CT,3,bare,0.04109589
2019,TL,PL,CT,3,And pol,0
2019,TL,PL,CT,3,Bet nan,0.082191781
2019,TL,PL,CT,3,Car big,0.082191781
2019,TL,PL,CT,3,Cas tet,0
2019,TL,PL,CT,3,Emp nig,0
2019,TL,PL,CT,3,Eri vag,0.095890411
2019,TL,PL,CT,3,Led pal,0.02739726
2019,TL,PL,CT,3,Ped lap,0
2019,TL,PL,CT,3,Pol bis,0.01369863
2019,TL,PL,CT,3,Rub cha,0
2019,TL,PL,CT,3,Sal pul,0.04109589
2019,TL,PL,CT,3,Vac uli,0.082191781
2019,TL,PL,CT,3,Vac vit,0.054794521
2019,TL,PL,CT,3,St. D. Bet.,0.01369863
2019,TL,PL,CT,3,vac vit winter kill,0.054794521
2019,TL,PL,CT,3,sal ret,0.01369863
2019,TL,PL,CT,3,unk 4,0
2019,TL,PL,CT,3,led pal winter kill,0
2019,TL,PL,CT,4,moss,0.165605096
2019,TL,PL,CT,4,lichen,0.012738854
2019,TL,PL,CT,4,litter,0.203821656
2019,TL,PL,CT,4,frost boil,0
2019,TL,PL,CT,4,bare,0
2019,TL,PL,CT,4,And pol,0
2019,TL,PL,CT,4,Bet nan,0.050955414
2019,TL,PL,CT,4,Car big,0.165605096
2019,TL,PL,CT,4,Cas tet,0
2019,TL,PL,CT,4,Emp nig,0.006369427
2019,TL,PL,CT,4,Eri vag,0.038216561
2019,TL,PL,CT,4,Led pal,0
2019,TL,PL,CT,4,Ped lap,0
2019,TL,PL,CT,4,Pol bis,0.025477707
2019,TL,PL,CT,4,Rub cha,0
2019,TL,PL,CT,4,Sal pul,0.114649682
2019,TL,PL,CT,4,Vac uli,0.050955414
2019,TL,PL,CT,4,Vac vit,0.025477707
2019,TL,PL,CT,4,St. D. Bet.,0.025477707
2019,TL,PL,CT,4,vac vit winter kill,0
2019,TL,PL,CT,4,sal ret,0.114649682
2019,TL,PL,CT,4,unk 4,0
2019,TL,PL,CT,4,led pal winter kill,0
2019,TL,PL,CT,5,moss,0.179104478
2019,TL,PL,CT,5,lichen,0.014925373
2019,TL,PL,CT,5,litter,0.134328358
2019,TL,PL,CT,5,frost boil,0
2019,TL,PL,CT,5,bare,0.044776119
2019,TL,PL,CT,5,And pol,0
2019,TL,PL,CT,5,Bet nan,0.074626866
2019,TL,PL,CT,5,Car big,0.104477612
2019,TL,PL,CT,5,Cas tet,0
2019,TL,PL,CT,5,Emp nig,0
2019,TL,PL,CT,5,Eri vag,0.074626866
2019,TL,PL,CT,5,Led pal,0.044776119
2019,TL,PL,CT,5,Ped lap,0
2019,TL,PL,CT,5,Pol bis,0
2019,TL,PL,CT,5,Rub cha,0
2019,TL,PL,CT,5,Sal pul,0.059701493
2019,TL,PL,CT,5,Vac uli,0.007462687
2019,TL,PL,CT,5,Vac vit,0.104477612
2019,TL,PL,CT,5,St. D. Bet.,0.044776119
2019,TL,PL,CT,5,vac vit winter kill,0.014925373
2019,TL,PL,CT,5,sal ret,0.089552239
2019,TL,PL,CT,5,unk 4,0
2019,TL,PL,CT,5,led pal winter kill,0.007462687
2019,TL,PL,CT,6,moss,0.244680851
2019,TL,PL,CT,6,lichen,0.010638298
2019,TL,PL,CT,6,litter,0.085106383
2019,TL,PL,CT,6,frost boil,0
2019,TL,PL,CT,6,bare,0
2019,TL,PL,CT,6,And pol,0
2019,TL,PL,CT,6,Bet nan,0.180851064
2019,TL,PL,CT,6,Car big,0.095744681
2019,TL,PL,CT,6,Cas tet,0
2019,TL,PL,CT,6,Emp nig,0
2019,TL,PL,CT,6,Eri vag,0.085106383
2019,TL,PL,CT,6,Led pal,0.053191489
2019,TL,PL,CT,6,Ped lap,0
2019,TL,PL,CT,6,Pol bis,0
2019,TL,PL,CT,6,Rub cha,0
2019,TL,PL,CT,6,Sal pul,0.085106383
2019,TL,PL,CT,6,Vac uli,0.005319149
2019,TL,PL,CT,6,Vac vit,0.074468085
2019,TL,PL,CT,6,St. D. Bet.,0.042553191
2019,TL,PL,CT,6,vac vit winter kill,0.005319149
2019,TL,PL,CT,6,sal ret,0.021276596
2019,TL,PL,CT,6,unk 4,0.005319149
2019,TL,PL,CT,6,led pal winter kill,0.005319149
2019,TL,PL,CT,7,moss,0.145454545
2019,TL,PL,CT,7,lichen,0.009090909
2019,TL,PL,CT,7,litter,0.2
2019,TL,PL,CT,7,frost boil,0
2019,TL,PL,CT,7,bare,0
2019,TL,PL,CT,7,And pol,0
2019,TL,PL,CT,7,Bet nan,0.127272727
2019,TL,PL,CT,7,Car big,0.181818182
2019,TL,PL,CT,7,Cas tet,0
2019,TL,PL,CT,7,Emp nig,0
2019,TL,PL,CT,7,Eri vag,0.163636364
2019,TL,PL,CT,7,Led pal,0.018181818
2019,TL,PL,CT,7,Ped lap,0.009090909
2019,TL,PL,CT,7,Pol bis,0
2019,TL,PL,CT,7,Rub cha,0
2019,TL,PL,CT,7,Sal pul,0
2019,TL,PL,CT,7,Vac uli,0
2019,TL,PL,CT,7,Vac vit,0.127272727
2019,TL,PL,CT,7,St. D. Bet.,0.009090909
2019,TL,PL,CT,7,vac vit winter kill,0
2019,TL,PL,CT,7,sal ret,0.009090909
2019,TL,PL,CT,7,unk 4,0
2019,TL,PL,CT,7,led pal winter kill,0
2019,TL,PL,CT,8,moss,0.156626506
2019,TL,PL,CT,8,lichen,0.012048193
2019,TL,PL,CT,8,litter,0.21686747
2019,TL,PL,CT,8,frost boil,0
2019,TL,PL,CT,8,bare,0.012048193
2019,TL,PL,CT,8,And pol,0
2019,TL,PL,CT,8,Bet nan,0.096385542
2019,TL,PL,CT,8,Car big,0.180722892
2019,TL,PL,CT,8,Cas tet,0
2019,TL,PL,CT,8,Emp nig,0
2019,TL,PL,CT,8,Eri vag,0.096385542
2019,TL,PL,CT,8,Led pal,0.036144578
2019,TL,PL,CT,8,Ped lap,0
2019,TL,PL,CT,8,Pol bis,0.006024096
2019,TL,PL,CT,8,Rub cha,0
2019,TL,PL,CT,8,Sal pul,0
2019,TL,PL,CT,8,Vac uli,0
2019,TL,PL,CT,8,Vac vit,0.084337349
2019,TL,PL,CT,8,St. D. Bet.,0.072289157
2019,TL,PL,CT,8,vac vit winter kill,0.012048193
2019,TL,PL,CT,8,sal ret,0.012048193
2019,TL,PL,CT,8,unk 4,0
2019,TL,PL,CT,8,led pal winter kill,0.006024096
2019,TL,PL,EX,1,moss,0.181818182
2019,TL,PL,EX,1,lichen,0.016528926
2019,TL,PL,EX,1,litter,0.148760331
2019,TL,PL,EX,1,frost boil,0
2019,TL,PL,EX,1,bare,0
2019,TL,PL,EX,1,And pol,0
2019,TL,PL,EX,1,Bet nan,0.099173554
2019,TL,PL,EX,1,Car big,0.099173554
2019,TL,PL,EX,1,Cas tet,0
2019,TL,PL,EX,1,Emp nig,0
2019,TL,PL,EX,1,Eri vag,0.148760331
2019,TL,PL,EX,1,Led pal,0.033057851
2019,TL,PL,EX,1,Ped lap,0.033057851
2019,TL,PL,EX,1,Pol bis,0.008264463
2019,TL,PL,EX,1,Rub cha,0
2019,TL,PL,EX,1,Sal pul,0.066115702
2019,TL,PL,EX,1,Vac uli,0
2019,TL,PL,EX,1,Vac vit,0.082644628
2019,TL,PL,EX,1,St. D. Bet.,0.033057851
2019,TL,PL,EX,1,sal ret,0.049586777
2019,TL,PL,EX,1,sal sp,0
2019,TL,PL,EX,1,unk 2,0
2019,TL,PL,EX,1,vac vit winter kill,0
2019,TL,PL,EX,2,moss,0.125
2019,TL,PL,EX,2,lichen,0.006944444
2019,TL,PL,EX,2,litter,0.125
2019,TL,PL,EX,2,frost boil,0
2019,TL,PL,EX,2,bare,0
2019,TL,PL,EX,2,And pol,0
2019,TL,PL,EX,2,Bet nan,0.152777778
2019,TL,PL,EX,2,Car big,0.125
2019,TL,PL,EX,2,Cas tet,0
2019,TL,PL,EX,2,Emp nig,0
2019,TL,PL,EX,2,Eri vag,0.111111111
2019,TL,PL,EX,2,Led pal,0.097222222
2019,TL,PL,EX,2,Ped lap,0.027777778
2019,TL,PL,EX,2,Pol bis,0
2019,TL,PL,EX,2,Rub cha,0
2019,TL,PL,EX,2,Sal pul,0.041666667
2019,TL,PL,EX,2,Vac uli,0
2019,TL,PL,EX,2,Vac vit,0.111111111
2019,TL,PL,EX,2,St. D. Bet.,0.041666667
2019,TL,PL,EX,2,sal ret,0.027777778
2019,TL,PL,EX,2,sal sp,0.006944444
2019,TL,PL,EX,2,unk 2,0
2019,TL,PL,EX,2,vac vit winter kill,0
2019,TL,PL,EX,3,moss,0.069565217
2019,TL,PL,EX,3,lichen,0.008695652
2019,TL,PL,EX,3,litter,0.139130435
2019,TL,PL,EX,3,frost boil,0
2019,TL,PL,EX,3,bare,0.052173913
2019,TL,PL,EX,3,And pol,0
2019,TL,PL,EX,3,Bet nan,0.069565217
2019,TL,PL,EX,3,Car big,0.12173913
2019,TL,PL,EX,3,Cas tet,0
2019,TL,PL,EX,3,Emp nig,0
2019,TL,PL,EX,3,Eri vag,0.156521739
2019,TL,PL,EX,3,Led pal,0.086956522
2019,TL,PL,EX,3,Ped lap,0.017391304
2019,TL,PL,EX,3,Pol bis,0
2019,TL,PL,EX,3,Rub cha,0
2019,TL,PL,EX,3,Sal pul,0.173913043
2019,TL,PL,EX,3,Vac uli,0.008695652
2019,TL,PL,EX,3,Vac vit,0.069565217
2019,TL,PL,EX,3,St. D. Bet.,0.008695652
2019,TL,PL,EX,3,sal ret,0
2019,TL,PL,EX,3,sal sp,0.008695652
2019,TL,PL,EX,3,unk 2,0.008695652
2019,TL,PL,EX,3,vac vit winter kill,0
2019,TL,PL,EX,4,moss,0.162162162
2019,TL,PL,EX,4,lichen,0.040540541
2019,TL,PL,EX,4,litter,0.067567568
2019,TL,PL,EX,4,frost boil,0
2019,TL,PL,EX,4,bare,0.006756757
2019,TL,PL,EX,4,And pol,0
2019,TL,PL,EX,4,Bet nan,0.22972973
2019,TL,PL,EX,4,Car big,0.054054054
2019,TL,PL,EX,4,Cas tet,0
2019,TL,PL,EX,4,Emp nig,0
2019,TL,PL,EX,4,Eri vag,0.027027027
2019,TL,PL,EX,4,Led pal,0.081081081
2019,TL,PL,EX,4,Ped lap,0.006756757
2019,TL,PL,EX,4,Pol bis,0.006756757
2019,TL,PL,EX,4,Rub cha,0
2019,TL,PL,EX,4,Sal pul,0.108108108
2019,TL,PL,EX,4,Vac uli,0.081081081
2019,TL,PL,EX,4,Vac vit,0.094594595
2019,TL,PL,EX,4,St. D. Bet.,0.006756757
2019,TL,PL,EX,4,sal ret,0.027027027
2019,TL,PL,EX,4,sal sp,0
2019,TL,PL,EX,4,unk 2,0
2019,TL,PL,EX,4,vac vit winter kill,0
2019,TL,PL,EX,5,moss,0.116788321
2019,TL,PL,EX,5,lichen,0.087591241
2019,TL,PL,EX,5,litter,0.072992701
2019,TL,PL,EX,5,frost boil,0
2019,TL,PL,EX,5,bare,0.01459854
2019,TL,PL,EX,5,And pol,0
2019,TL,PL,EX,5,Bet nan,0.189781022
2019,TL,PL,EX,5,Car big,0.00729927
2019,TL,PL,EX,5,Cas tet,0
2019,TL,PL,EX,5,Emp nig,0
2019,TL,PL,EX,5,Eri vag,0.145985401
2019,TL,PL,EX,5,Led pal,0.072992701
2019,TL,PL,EX,5,Ped lap,0
2019,TL,PL,EX,5,Pol bis,0.02919708
2019,TL,PL,EX,5,Rub cha,0
2019,TL,PL,EX,5,Sal pul,0.072992701
2019,TL,PL,EX,5,Vac uli,0.01459854
2019,TL,PL,EX,5,Vac vit,0.087591241
2019,TL,PL,EX,5,St. D. Bet.,0
2019,TL,PL,EX,5,sal ret,0.087591241
2019,TL,PL,EX,5,sal sp,0
2019,TL,PL,EX,5,unk 2,0
2019,TL,PL,EX,5,vac vit winter kill,0
2019,TL,PL,EX,6,moss,0.153846154
2019,TL,PL,EX,6,lichen,0.034188034
2019,TL,PL,EX,6,litter,0.136752137
2019,TL,PL,EX,6,frost boil,0
2019,TL,PL,EX,6,bare,0.034188034
2019,TL,PL,EX,6,And pol,0
2019,TL,PL,EX,6,Bet nan,0.068376068
2019,TL,PL,EX,6,Car big,0.068376068
2019,TL,PL,EX,6,Cas tet,0
2019,TL,PL,EX,6,Emp nig,0
2019,TL,PL,EX,6,Eri vag,0.11965812
2019,TL,PL,EX,6,Led pal,0.136752137
2019,TL,PL,EX,6,Ped lap,0
2019,TL,PL,EX,6,Pol bis,0.017094017
2019,TL,PL,EX,6,Rub cha,0
2019,TL,PL,EX,6,Sal pul,0.085470085
2019,TL,PL,EX,6,Vac uli,0.034188034
2019,TL,PL,EX,6,Vac vit,0.085470085
2019,TL,PL,EX,6,St. D. Bet.,0
2019,TL,PL,EX,6,sal ret,0.017094017
2019,TL,PL,EX,6,sal sp,0
2019,TL,PL,EX,6,unk 2,0
2019,TL,PL,EX,6,vac vit winter kill,0.008547009
2019,TL,PL,EX,7,moss,0.067226891
2019,TL,PL,EX,7,lichen,0.100840336
2019,TL,PL,EX,7,litter,0.117647059
2019,TL,PL,EX,7,frost boil,0
2019,TL,PL,EX,7,bare,0.008403361
2019,TL,PL,EX,7,And pol,0
2019,TL,PL,EX,7,Bet nan,0.117647059
2019,TL,PL,EX,7,Car big,0.067226891
2019,TL,PL,EX,7,Cas tet,0
2019,TL,PL,EX,7,Emp nig,0
2019,TL,PL,EX,7,Eri vag,0.067226891
2019,TL,PL,EX,7,Led pal,0.008403361
2019,TL,PL,EX,7,Ped lap,0
2019,TL,PL,EX,7,Pol bis,0
2019,TL,PL,EX,7,Rub cha,0
2019,TL,PL,EX,7,Sal pul,0.117647059
2019,TL,PL,EX,7,Vac uli,0.134453782
2019,TL,PL,EX,7,Vac vit,0.100840336
2019,TL,PL,EX,7,St. D. Bet.,0.050420168
2019,TL,PL,EX,7,sal ret,0.033613445
2019,TL,PL,EX,7,sal sp,0
2019,TL,PL,EX,7,unk 2,0
2019,TL,PL,EX,7,vac vit winter kill,0.008403361
2019,TL,PL,EX,8,moss,0.050847458
2019,TL,PL,EX,8,lichen,0.033898305
2019,TL,PL,EX,8,litter,0.271186441
2019,TL,PL,EX,8,frost boil,0
2019,TL,PL,EX,8,bare,0.008474576
2019,TL,PL,EX,8,And pol,0
2019,TL,PL,EX,8,Bet nan,0.050847458
2019,TL,PL,EX,8,Car big,0.152542373
2019,TL,PL,EX,8,Cas tet,0
2019,TL,PL,EX,8,Emp nig,0
2019,TL,PL,EX,8,Eri vag,0.152542373
2019,TL,PL,EX,8,Led pal,0.06779661
2019,TL,PL,EX,8,Ped lap,0
2019,TL,PL,EX,8,Pol bis,0
2019,TL,PL,EX,8,Rub cha,0
2019,TL,PL,EX,8,Sal pul,0.06779661
2019,TL,PL,EX,8,Vac uli,0.016949153
2019,TL,PL,EX,8,Vac vit,0.118644068
2019,TL,PL,EX,8,St. D. Bet.,0
2019,TL,PL,EX,8,sal ret,0
2019,TL,PL,EX,8,sal sp,0
2019,TL,PL,EX,8,unk 2,0
2019,TL,PL,EX,8,vac vit winter kill,0.008474576
2019,TL,IM,EX,1,moss,0.127906977
2019,TL,IM,EX,1,lichen,0.011627907
2019,TL,IM,EX,1,litter,0.162790698
2019,TL,IM,EX,1,frost boil,0
2019,TL,IM,EX,1,bare,0
2019,TL,IM,EX,1,And pol,0
2019,TL,IM,EX,1,Bet nan,0.093023256
2019,TL,IM,EX,1,Car big,0.139534884
2019,TL,IM,EX,1,Cas tet,0
2019,TL,IM,EX,1,Emp nig,0
2019,TL,IM,EX,1,Eri vag,0.034883721
2019,TL,IM,EX,1,Led pal,0.011627907
2019,TL,IM,EX,1,Ped lap,0
2019,TL,IM,EX,1,Pol bis,0
2019,TL,IM,EX,1,Rub cha,0.244186047
2019,TL,IM,EX,1,Sal pul,0.046511628
2019,TL,IM,EX,1,Vac uli,0.081395349
2019,TL,IM,EX,1,Vac vit,0.023255814
2019,TL,IM,EX,1,St. D. Bet.,0
2019,TL,IM,EX,1,unk 2,0.011627907
2019,TL,IM,EX,1,unk 4,0.011627907
2019,TL,IM,EX,1,flower,0
2019,TL,IM,EX,2,moss,0.06557377
2019,TL,IM,EX,2,lichen,0
2019,TL,IM,EX,2,litter,0.245901639
2019,TL,IM,EX,2,frost boil,0
2019,TL,IM,EX,2,bare,0
2019,TL,IM,EX,2,And pol,0
2019,TL,IM,EX,2,Bet nan,0.090163934
2019,TL,IM,EX,2,Car big,0.131147541
2019,TL,IM,EX,2,Cas tet,0.016393443
2019,TL,IM,EX,2,Emp nig,0
2019,TL,IM,EX,2,Eri vag,0.049180328
2019,TL,IM,EX,2,Led pal,0.004098361
2019,TL,IM,EX,2,Ped lap,0
2019,TL,IM,EX,2,Pol bis,0
2019,TL,IM,EX,2,Rub cha,0.18852459
2019,TL,IM,EX,2,Sal pul,0.040983607
2019,TL,IM,EX,2,Vac uli,0.147540984
2019,TL,IM,EX,2,Vac vit,0.016393443
2019,TL,IM,EX,2,St. D. Bet.,0
2019,TL,IM,EX,2,unk 2,0.004098361
2019,TL,IM,EX,2,unk 4,0
2019,TL,IM,EX,2,flower,0
2019,TL,IM,EX,3,moss,0.038461538
2019,TL,IM,EX,3,lichen,0
2019,TL,IM,EX,3,litter,0.211538462
2019,TL,IM,EX,3,frost boil,0
2019,TL,IM,EX,3,bare,0
2019,TL,IM,EX,3,And pol,0
2019,TL,IM,EX,3,Bet nan,0.076923077
2019,TL,IM,EX,3,Car big,0.076923077
2019,TL,IM,EX,3,Cas tet,0.009615385
2019,TL,IM,EX,3,Emp nig,0
2019,TL,IM,EX,3,Eri vag,0.173076923
2019,TL,IM,EX,3,Led pal,0.019230769
2019,TL,IM,EX,3,Ped lap,0
2019,TL,IM,EX,3,Pol bis,0
2019,TL,IM,EX,3,Rub cha,0.163461538
2019,TL,IM,EX,3,Sal pul,0.115384615
2019,TL,IM,EX,3,Vac uli,0.096153846
2019,TL,IM,EX,3,Vac vit,0.009615385
2019,TL,IM,EX,3,St. D. Bet.,0
2019,TL,IM,EX,3,unk 2,0.004807692
2019,TL,IM,EX,3,unk 4,0.004807692
2019,TL,IM,EX,3,flower,0
2019,TL,IM,EX,4,moss,0.031578947
2019,TL,IM,EX,4,lichen,0
2019,TL,IM,EX,4,litter,0.2
2019,TL,IM,EX,4,frost boil,0
2019,TL,IM,EX,4,bare,0
2019,TL,IM,EX,4,And pol,0
2019,TL,IM,EX,4,Bet nan,0.084210526
2019,TL,IM,EX,4,Car big,0.084210526
2019,TL,IM,EX,4,Cas tet,0
2019,TL,IM,EX,4,Emp nig,0
2019,TL,IM,EX,4,Eri vag,0.242105263
2019,TL,IM,EX,4,Led pal,0.021052632
2019,TL,IM,EX,4,Ped lap,0
2019,TL,IM,EX,4,Pol bis,0
2019,TL,IM,EX,4,Rub cha,0.147368421
2019,TL,IM,EX,4,Sal pul,0.094736842
2019,TL,IM,EX,4,Vac uli,0.052631579
2019,TL,IM,EX,4,Vac vit,0.042105263
2019,TL,IM,EX,4,St. D. Bet.,0
2019,TL,IM,EX,4,unk 2,0
2019,TL,IM,EX,4,unk 4,0
2019,TL,IM,EX,4,flower,0
2019,TL,IM,EX,5,moss,0.064516129
2019,TL,IM,EX,5,lichen,0
2019,TL,IM,EX,5,litter,0.150537634
2019,TL,IM,EX,5,frost boil,0
2019,TL,IM,EX,5,bare,0
2019,TL,IM,EX,5,And pol,0
2019,TL,IM,EX,5,Bet nan,0.075268817
2019,TL,IM,EX,5,Car big,0.064516129
2019,TL,IM,EX,5,Cas tet,0.032258065
2019,TL,IM,EX,5,Emp nig,0
2019,TL,IM,EX,5,Eri vag,0.139784946
2019,TL,IM,EX,5,Led pal,0
2019,TL,IM,EX,5,Ped lap,0
2019,TL,IM,EX,5,Pol bis,0
2019,TL,IM,EX,5,Rub cha,0.23655914
2019,TL,IM,EX,5,Sal pul,0.107526882
2019,TL,IM,EX,5,Vac uli,0.086021505
2019,TL,IM,EX,5,Vac vit,0.043010753
2019,TL,IM,EX,5,St. D. Bet.,0
2019,TL,IM,EX,5,unk 2,0
2019,TL,IM,EX,5,unk 4,0
2019,TL,IM,EX,5,flower,0
2019,TL,IM,EX,6,moss,0.069306931
2019,TL,IM,EX,6,lichen,0
2019,TL,IM,EX,6,litter,0.138613861
2019,TL,IM,EX,6,frost boil,0
2019,TL,IM,EX,6,bare,0
2019,TL,IM,EX,6,And pol,0
2019,TL,IM,EX,6,Bet nan,0.059405941
2019,TL,IM,EX,6,Car big,0.138613861
2019,TL,IM,EX,6,Cas tet,0.01980198
2019,TL,IM,EX,6,Emp nig,0
2019,TL,IM,EX,6,Eri vag,0.079207921
2019,TL,IM,EX,6,Led pal,0.00990099
2019,TL,IM,EX,6,Ped lap,0
2019,TL,IM,EX,6,Pol bis,0
2019,TL,IM,EX,6,Rub cha,0.158415842
2019,TL,IM,EX,6,Sal pul,0.217821782
2019,TL,IM,EX,6,Vac uli,0.03960396
2019,TL,IM,EX,6,Vac vit,0.059405941
2019,TL,IM,EX,6,St. D. Bet.,0
2019,TL,IM,EX,6,unk 2,0.004950495
2019,TL,IM,EX,6,unk 4,0
2019,TL,IM,EX,6,flower,0.004950495
2019,TL,IM,EX,7,moss,0.07960199
2019,TL,IM,EX,7,lichen,0
2019,TL,IM,EX,7,litter,0.23880597
2019,TL,IM,EX,7,frost boil,0
2019,TL,IM,EX,7,bare,0
2019,TL,IM,EX,7,And pol,0
2019,TL,IM,EX,7,Bet nan,0.059701493
2019,TL,IM,EX,7,Car big,0.059701493
2019,TL,IM,EX,7,Cas tet,0.009950249
2019,TL,IM,EX,7,Emp nig,0
2019,TL,IM,EX,7,Eri vag,0.228855721
2019,TL,IM,EX,7,Led pal,0.004975124
2019,TL,IM,EX,7,Ped lap,0
2019,TL,IM,EX,7,Pol bis,0
2019,TL,IM,EX,7,Rub cha,0.089552239
2019,TL,IM,EX,7,Sal pul,0.139303483
2019,TL,IM,EX,7,Vac uli,0.059701493
2019,TL,IM,EX,7,Vac vit,0
2019,TL,IM,EX,7,St. D. Bet.,0
2019,TL,IM,EX,7,unk 2,0.009950249
2019,TL,IM,EX,7,unk 4,0.009950249
2019,TL,IM,EX,7,flower,0.009950249
2019,TL,IM,EX,8,moss,0.093023256
2019,TL,IM,EX,8,lichen,0.011627907
2019,TL,IM,EX,8,litter,0.220930233
2019,TL,IM,EX,8,frost boil,0
2019,TL,IM,EX,8,bare,0
2019,TL,IM,EX,8,And pol,0
2019,TL,IM,EX,8,Bet nan,0.069767442
2019,TL,IM,EX,8,Car big,0
2019,TL,IM,EX,8,Cas tet,0
2019,TL,IM,EX,8,Emp nig,0
2019,TL,IM,EX,8,Eri vag,0.488372093
2019,TL,IM,EX,8,Led pal,0
2019,TL,IM,EX,8,Ped lap,0
2019,TL,IM,EX,8,Pol bis,0
2019,TL,IM,EX,8,Rub cha,0.058139535
2019,TL,IM,EX,8,Sal pul,0.011627907
2019,TL,IM,EX,8,Vac uli,0.034883721
2019,TL,IM,EX,8,Vac vit,0.011627907
2019,TL,IM,EX,8,St. D. Bet.,0
2019,TL,IM,EX,8,unk 2,0
2019,TL,IM,EX,8,unk 4,0
2019,TL,IM,EX,8,flower,0
2019,TL,IM,CT,1,moss,0.178571429
2019,TL,IM,CT,1,lichen,0.023809524
2019,TL,IM,CT,1,litter,0.130952381
2019,TL,IM,CT,1,frost boil,0
2019,TL,IM,CT,1,bare,0
2019,TL,IM,CT,1,And pol,0
2019,TL,IM,CT,1,Bet nan,0.107142857
2019,TL,IM,CT,1,Car big,0.095238095
2019,TL,IM,CT,1,Cas tet,0.035714286
2019,TL,IM,CT,1,Emp nig,0
2019,TL,IM,CT,1,Eri vag,0.166666667
2019,TL,IM,CT,1,Led pal,0.05952381
2019,TL,IM,CT,1,Ped lap,0.011904762
2019,TL,IM,CT,1,Pol bis,0
2019,TL,IM,CT,1,Rub cha,0.083333333
2019,TL,IM,CT,1,Sal pul,0.047619048
2019,TL,IM,CT,1,Vac uli,0
2019,TL,IM,CT,1,Vac vit,0.05952381
2019,TL,IM,CT,1,St. D. Bet.,0
2019,TL,IM,CT,1,sal ret,0
2019,TL,IM,CT,1,dead led pal,0
2019,TL,IM,CT,1,unk 2,0
2019,TL,IM,CT,1,unk 4,0
2019,TL,IM,CT,2,moss,0.065359477
2019,TL,IM,CT,2,lichen,0
2019,TL,IM,CT,2,litter,0.130718954
2019,TL,IM,CT,2,frost boil,0
2019,TL,IM,CT,2,bare,0
2019,TL,IM,CT,2,And pol,0
2019,TL,IM,CT,2,Bet nan,0.14379085
2019,TL,IM,CT,2,Car big,0
2019,TL,IM,CT,2,Cas tet,0.052287582
2019,TL,IM,CT,2,Emp nig,0
2019,TL,IM,CT,2,Eri vag,0.169934641
2019,TL,IM,CT,2,Led pal,0.039215686
2019,TL,IM,CT,2,Ped lap,0
2019,TL,IM,CT,2,Pol bis,0.006535948
2019,TL,IM,CT,2,Rub cha,0.130718954
2019,TL,IM,CT,2,Sal pul,0.065359477
2019,TL,IM,CT,2,Vac uli,0.052287582
2019,TL,IM,CT,2,Vac vit,0.104575163
2019,TL,IM,CT,2,St. D. Bet.,0.013071895
2019,TL,IM,CT,2,sal ret,0.026143791
2019,TL,IM,CT,2,dead led pal,0
2019,TL,IM,CT,2,unk 2,0
2019,TL,IM,CT,2,unk 4,0
2019,TL,IM,CT,3,moss,0.148148148
2019,TL,IM,CT,3,lichen,0.010582011
2019,TL,IM,CT,3,litter,0.148148148
2019,TL,IM,CT,3,frost boil,0
2019,TL,IM,CT,3,bare,0
2019,TL,IM,CT,3,And pol,0
2019,TL,IM,CT,3,Bet nan,0.116402116
2019,TL,IM,CT,3,Car big,0.095238095
2019,TL,IM,CT,3,Cas tet,0.063492063
2019,TL,IM,CT,3,Emp nig,0
2019,TL,IM,CT,3,Eri vag,0.084656085
2019,TL,IM,CT,3,Led pal,0.052910053
2019,TL,IM,CT,3,Ped lap,0
2019,TL,IM,CT,3,Pol bis,0
2019,TL,IM,CT,3,Rub cha,0.084656085
2019,TL,IM,CT,3,Sal pul,0.031746032
2019,TL,IM,CT,3,Vac uli,0.052910053
2019,TL,IM,CT,3,Vac vit,0.042328042
2019,TL,IM,CT,3,St. D. Bet.,0
2019,TL,IM,CT,3,sal ret,0.052910053
2019,TL,IM,CT,3,dead led pal,0.010582011
2019,TL,IM,CT,3,unk 2,0.005291005
2019,TL,IM,CT,3,unk 4,0
2019,TL,IM,CT,4,moss,0.116883117
2019,TL,IM,CT,4,lichen,0.025974026
2019,TL,IM,CT,4,litter,0.155844156
2019,TL,IM,CT,4,frost boil,0
2019,TL,IM,CT,4,bare,0
2019,TL,IM,CT,4,And pol,0
2019,TL,IM,CT,4,Bet nan,0.090909091
2019,TL,IM,CT,4,Car big,0.064935065
2019,TL,IM,CT,4,Cas tet,0
2019,TL,IM,CT,4,Emp nig,0
2019,TL,IM,CT,4,Eri vag,0.181818182
2019,TL,IM,CT,4,Led pal,0.038961039
2019,TL,IM,CT,4,Ped lap,0
2019,TL,IM,CT,4,Pol bis,0
2019,TL,IM,CT,4,Rub cha,0.12987013
2019,TL,IM,CT,4,Sal pul,0.038961039
2019,TL,IM,CT,4,Vac uli,0.077922078
2019,TL,IM,CT,4,Vac vit,0.025974026
2019,TL,IM,CT,4,St. D. Bet.,0.025974026
2019,TL,IM,CT,4,sal ret,0
2019,TL,IM,CT,4,dead led pal,0
2019,TL,IM,CT,4,unk 2,0.025974026
2019,TL,IM,CT,4,unk 4,0
2019,TL,IM,CT,5,moss,0.132450331
2019,TL,IM,CT,5,lichen,0.013245033
2019,TL,IM,CT,5,litter,0.17218543
2019,TL,IM,CT,5,frost boil,0
2019,TL,IM,CT,5,bare,0
2019,TL,IM,CT,5,And pol,0
2019,TL,IM,CT,5,Bet nan,0.119205298
2019,TL,IM,CT,5,Car big,0.066225166
2019,TL,IM,CT,5,Cas tet,0.026490066
2019,TL,IM,CT,5,Emp nig,0
2019,TL,IM,CT,5,Eri vag,0.119205298
2019,TL,IM,CT,5,Led pal,0.105960265
2019,TL,IM,CT,5,Ped lap,0
2019,TL,IM,CT,5,Pol bis,0
2019,TL,IM,CT,5,Rub cha,0.092715232
2019,TL,IM,CT,5,Sal pul,0.066225166
2019,TL,IM,CT,5,Vac uli,0.006622517
2019,TL,IM,CT,5,Vac vit,0.052980132
2019,TL,IM,CT,5,St. D. Bet.,0.013245033
2019,TL,IM,CT,5,sal ret,0.013245033
2019,TL,IM,CT,5,dead led pal,0
2019,TL,IM,CT,5,unk 2,0
2019,TL,IM,CT,5,unk 4,0
2019,TL,IM,CT,6,moss,0.176470588
2019,TL,IM,CT,6,lichen,0.023529412
2019,TL,IM,CT,6,litter,0.141176471
2019,TL,IM,CT,6,frost boil,0
2019,TL,IM,CT,6,bare,0
2019,TL,IM,CT,6,And pol,0
2019,TL,IM,CT,6,Bet nan,0.070588235
2019,TL,IM,CT,6,Car big,0.082352941
2019,TL,IM,CT,6,Cas tet,0
2019,TL,IM,CT,6,Emp nig,0
2019,TL,IM,CT,6,Eri vag,0.141176471
2019,TL,IM,CT,6,Led pal,0.035294118
2019,TL,IM,CT,6,Ped lap,0
2019,TL,IM,CT,6,Pol bis,0
2019,TL,IM,CT,6,Rub cha,0.164705882
2019,TL,IM,CT,6,Sal pul,0.047058824
2019,TL,IM,CT,6,Vac uli,0
2019,TL,IM,CT,6,Vac vit,0.058823529
2019,TL,IM,CT,6,St. D. Bet.,0.011764706
2019,TL,IM,CT,6,sal ret,0.035294118
2019,TL,IM,CT,6,dead led pal,0
2019,TL,IM,CT,6,unk 2,0
2019,TL,IM,CT,6,unk 4,0.011764706
2019,TL,IM,CT,7,moss,0.174496644
2019,TL,IM,CT,7,lichen,0.013422819
2019,TL,IM,CT,7,litter,0.080536913
2019,TL,IM,CT,7,frost boil,0
2019,TL,IM,CT,7,bare,0
2019,TL,IM,CT,7,And pol,0
2019,TL,IM,CT,7,Bet nan,0.10738255
2019,TL,IM,CT,7,Car big,0.067114094
2019,TL,IM,CT,7,Cas tet,0.067114094
2019,TL,IM,CT,7,Emp nig,0
2019,TL,IM,CT,7,Eri vag,0.080536913
2019,TL,IM,CT,7,Led pal,0.053691275
2019,TL,IM,CT,7,Ped lap,0.006711409
2019,TL,IM,CT,7,Pol bis,0
2019,TL,IM,CT,7,Rub cha,0.134228188
2019,TL,IM,CT,7,Sal pul,0.040268456
2019,TL,IM,CT,7,Vac uli,0.013422819
2019,TL,IM,CT,7,Vac vit,0.053691275
2019,TL,IM,CT,7,St. D. Bet.,0.013422819
2019,TL,IM,CT,7,sal ret,0.093959732
2019,TL,IM,CT,7,dead led pal,0
2019,TL,IM,CT,7,unk 2,0
2019,TL,IM,CT,7,unk 4,0
2019,TL,IM,CT,8,moss,0.178343949
2019,TL,IM,CT,8,lichen,0.01910828
2019,TL,IM,CT,8,litter,0.114649682
2019,TL,IM,CT,8,frost boil,0
2019,TL,IM,CT,8,bare,0
2019,TL,IM,CT,8,And pol,0.006369427
2019,TL,IM,CT,8,Bet nan,0.063694268
2019,TL,IM,CT,8,Car big,0.038216561
2019,TL,IM,CT,8,Cas tet,0.050955414
2019,TL,IM,CT,8,Emp nig,0
2019,TL,IM,CT,8,Eri vag,0.127388535
2019,TL,IM,CT,8,Led pal,0.050955414
2019,TL,IM,CT,8,Ped lap,0.012738854
2019,TL,IM,CT,8,Pol bis,0
2019,TL,IM,CT,8,Rub cha,0.089171975
2019,TL,IM,CT,8,Sal pul,0.050955414
2019,TL,IM,CT,8,Vac uli,0.012738854
2019,TL,IM,CT,8,Vac vit,0.076433121
2019,TL,IM,CT,8,St. D. Bet.,0.025477707
2019,TL,IM,CT,8,sal ret,0.076433121
2019,TL,IM,CT,8,dead led pal,0
2019,TL,IM,CT,8,unk 2,0
2019,TL,IM,CT,8,unk 4,0.006369427
2019,TL,IM,PR,1,moss,0.243902439
2019,TL,IM,PR,1,lichen,0.019512195
2019,TL,IM,PR,1,litter,0.087804878
2019,TL,IM,PR,1,frost boil,0
2019,TL,IM,PR,1,bare,0.019512195
2019,TL,IM,PR,1,And pol,0
2019,TL,IM,PR,1,Bet nan,0.146341463
2019,TL,IM,PR,1,Car big,0.019512195
2019,TL,IM,PR,1,Cas tet,0.058536585
2019,TL,IM,PR,1,Emp nig,0
2019,TL,IM,PR,1,Eri vag,0.03902439
2019,TL,IM,PR,1,Led pal,0.058536585
2019,TL,IM,PR,1,Ped lap,0
2019,TL,IM,PR,1,Pol bis,0
2019,TL,IM,PR,1,Rub cha,0.175609756
2019,TL,IM,PR,1,Sal pul,0.019512195
2019,TL,IM,PR,1,Vac uli,0
2019,TL,IM,PR,1,Vac vit,0.07804878
2019,TL,IM,PR,1,St. D. Bet.,0.029268293
2019,TL,IM,PR,1,Ped sp,0.004878049
2019,TL,IM,PR,1,unk 1,0
2019,TL,IM,PR,1,winter kill vac vit,0
2019,TL,IM,PR,1,winter kill,0
2019,TL,IM,PR,1,unk 2,0
2019,TL,IM,PR,2,moss,0.217391304
2019,TL,IM,PR,2,lichen,0.005434783
2019,TL,IM,PR,2,litter,0.217391304
2019,TL,IM,PR,2,frost boil,0
2019,TL,IM,PR,2,bare,0
2019,TL,IM,PR,2,And pol,0
2019,TL,IM,PR,2,Bet nan,0.097826087
2019,TL,IM,PR,2,Car big,0.02173913
2019,TL,IM,PR,2,Cas tet,0.010869565
2019,TL,IM,PR,2,Emp nig,0
2019,TL,IM,PR,2,Eri vag,0.184782609
2019,TL,IM,PR,2,Led pal,0.02173913
2019,TL,IM,PR,2,Ped lap,0
2019,TL,IM,PR,2,Pol bis,0.010869565
2019,TL,IM,PR,2,Rub cha,0.065217391
2019,TL,IM,PR,2,Sal pul,0.054347826
2019,TL,IM,PR,2,Vac uli,0
2019,TL,IM,PR,2,Vac vit,0.065217391
2019,TL,IM,PR,2,St. D. Bet.,0.02173913
2019,TL,IM,PR,2,Ped sp,0
2019,TL,IM,PR,2,unk 1,0
2019,TL,IM,PR,2,winter kill vac vit,0
2019,TL,IM,PR,2,winter kill,0
2019,TL,IM,PR,2,unk 2,0.005434783
2019,TL,IM,PR,3,moss,0.502415459
2019,TL,IM,PR,3,lichen,0.019323671
2019,TL,IM,PR,3,litter,0.038647343
2019,TL,IM,PR,3,frost boil,0
2019,TL,IM,PR,3,bare,0.004830918
2019,TL,IM,PR,3,And pol,0
2019,TL,IM,PR,3,Bet nan,0.106280193
2019,TL,IM,PR,3,Car big,0.019323671
2019,TL,IM,PR,3,Cas tet,0
2019,TL,IM,PR,3,Emp nig,0
2019,TL,IM,PR,3,Eri vag,0.048309179
2019,TL,IM,PR,3,Led pal,0.009661836
2019,TL,IM,PR,3,Ped lap,0
2019,TL,IM,PR,3,Pol bis,0.019323671
2019,TL,IM,PR,3,Rub cha,0.028985507
2019,TL,IM,PR,3,Sal pul,0.028985507
2019,TL,IM,PR,3,Vac uli,0
2019,TL,IM,PR,3,Vac vit,0.086956522
2019,TL,IM,PR,3,St. D. Bet.,0.019323671
2019,TL,IM,PR,3,Ped sp,0.009661836
2019,TL,IM,PR,3,unk 1,0.028985507
2019,TL,IM,PR,3,winter kill vac vit,0
2019,TL,IM,PR,3,winter kill,0.019323671
2019,TL,IM,PR,3,unk 2,0.009661836
2019,TL,IM,PR,4,moss,0.173515982
2019,TL,IM,PR,4,lichen,0.00456621
2019,TL,IM,PR,4,litter,0.146118721
2019,TL,IM,PR,4,frost boil,0
2019,TL,IM,PR,4,bare,0.01826484
2019,TL,IM,PR,4,And pol,0
2019,TL,IM,PR,4,Bet nan,0.191780822
2019,TL,IM,PR,4,Car big,0.02739726
2019,TL,IM,PR,4,Cas tet,0.00913242
2019,TL,IM,PR,4,Emp nig,0
2019,TL,IM,PR,4,Eri vag,0.091324201
2019,TL,IM,PR,4,Led pal,0.01826484
2019,TL,IM,PR,4,Ped lap,0
2019,TL,IM,PR,4,Pol bis,0.00456621
2019,TL,IM,PR,4,Rub cha,0.118721461
2019,TL,IM,PR,4,Sal pul,0.02739726
2019,TL,IM,PR,4,Vac uli,0.0456621
2019,TL,IM,PR,4,Vac vit,0.063926941
2019,TL,IM,PR,4,St. D. Bet.,0
2019,TL,IM,PR,4,Ped sp,0.00456621
2019,TL,IM,PR,4,unk 1,0.054794521
2019,TL,IM,PR,4,winter kill vac vit,0
2019,TL,IM,PR,4,winter kill,0
2019,TL,IM,PR,4,unk 2,0
2019,TL,IM,PR,5,moss,0.288557214
2019,TL,IM,PR,5,lichen,0.019900498
2019,TL,IM,PR,5,litter,0.07960199
2019,TL,IM,PR,5,frost boil,0
2019,TL,IM,PR,5,bare,0
2019,TL,IM,PR,5,And pol,0
2019,TL,IM,PR,5,Bet nan,0.15920398
2019,TL,IM,PR,5,Car big,0.004975124
2019,TL,IM,PR,5,Cas tet,0.009950249
2019,TL,IM,PR,5,Emp nig,0
2019,TL,IM,PR,5,Eri vag,0.119402985
2019,TL,IM,PR,5,Led pal,0.019900498
2019,TL,IM,PR,5,Ped lap,0
2019,TL,IM,PR,5,Pol bis,0
2019,TL,IM,PR,5,Rub cha,0.139303483
2019,TL,IM,PR,5,Sal pul,0
2019,TL,IM,PR,5,Vac uli,0.039800995
2019,TL,IM,PR,5,Vac vit,0.049751244
2019,TL,IM,PR,5,St. D. Bet.,0
2019,TL,IM,PR,5,Ped sp,0.019900498
2019,TL,IM,PR,5,unk 1,0.039800995
2019,TL,IM,PR,5,winter kill vac vit,0
2019,TL,IM,PR,5,winter kill,0.009950249
2019,TL,IM,PR,5,unk 2,0
2019,TL,IM,PR,6,moss,0.173913043
2019,TL,IM,PR,6,lichen,0.028985507
2019,TL,IM,PR,6,litter,0.086956522
2019,TL,IM,PR,6,frost boil,0
2019,TL,IM,PR,6,bare,0.004830918
2019,TL,IM,PR,6,And pol,0
2019,TL,IM,PR,6,Bet nan,0.222222222
2019,TL,IM,PR,6,Car big,0.048309179
2019,TL,IM,PR,6,Cas tet,0.038647343
2019,TL,IM,PR,6,Emp nig,0
2019,TL,IM,PR,6,Eri vag,0.06763285
2019,TL,IM,PR,6,Led pal,0.048309179
2019,TL,IM,PR,6,Ped lap,0
2019,TL,IM,PR,6,Pol bis,0
2019,TL,IM,PR,6,Rub cha,0.144927536
2019,TL,IM,PR,6,Sal pul,0
2019,TL,IM,PR,6,Vac uli,0
2019,TL,IM,PR,6,Vac vit,0.106280193
2019,TL,IM,PR,6,St. D. Bet.,0
2019,TL,IM,PR,6,Ped sp,0.009661836
2019,TL,IM,PR,6,unk 1,0.019323671
2019,TL,IM,PR,6,winter kill vac vit,0
2019,TL,IM,PR,6,winter kill,0
2019,TL,IM,PR,6,unk 2,0
2019,TL,IM,PR,7,moss,0.087378641
2019,TL,IM,PR,7,lichen,0.019417476
2019,TL,IM,PR,7,litter,0.097087379
2019,TL,IM,PR,7,frost boil,0
2019,TL,IM,PR,7,bare,0
2019,TL,IM,PR,7,And pol,0
2019,TL,IM,PR,7,Bet nan,0.13592233
2019,TL,IM,PR,7,Car big,0.038834951
2019,TL,IM,PR,7,Cas tet,0.097087379
2019,TL,IM,PR,7,Emp nig,0
2019,TL,IM,PR,7,Eri vag,0.194174757
2019,TL,IM,PR,7,Led pal,0.029126214
2019,TL,IM,PR,7,Ped lap,0
2019,TL,IM,PR,7,Pol bis,0
2019,TL,IM,PR,7,Rub cha,0.126213592
2019,TL,IM,PR,7,Sal pul,0.004854369
2019,TL,IM,PR,7,Vac uli,0
2019,TL,IM,PR,7,Vac vit,0.155339806
2019,TL,IM,PR,7,St. D. Bet.,0
2019,TL,IM,PR,7,Ped sp,0.004854369
2019,TL,IM,PR,7,unk 1,0.009708738
2019,TL,IM,PR,7,winter kill vac vit,0
2019,TL,IM,PR,7,winter kill,0
2019,TL,IM,PR,7,unk 2,0
2019,TL,IM,PR,8,moss,0.178343949
2019,TL,IM,PR,8,lichen,0.063694268
2019,TL,IM,PR,8,litter,0.076433121
2019,TL,IM,PR,8,frost boil,0
2019,TL,IM,PR,8,bare,0.006369427
2019,TL,IM,PR,8,And pol,0
2019,TL,IM,PR,8,Bet nan,0.21656051
2019,TL,IM,PR,8,Car big,0
2019,TL,IM,PR,8,Cas tet,0
2019,TL,IM,PR,8,Emp nig,0
2019,TL,IM,PR,8,Eri vag,0.152866242
2019,TL,IM,PR,8,Led pal,0.012738854
2019,TL,IM,PR,8,Ped lap,0
2019,TL,IM,PR,8,Pol bis,0.006369427
2019,TL,IM,PR,8,Rub cha,0.076433121
2019,TL,IM,PR,8,Sal pul,0
2019,TL,IM,PR,8,Vac uli,0
2019,TL,IM,PR,8,Vac vit,0.152866242
2019,TL,IM,PR,8,St. D. Bet.,0
2019,TL,IM,PR,8,Ped sp,0.006369427
2019,TL,IM,PR,8,unk 1,0.038216561
2019,TL,IM,PR,8,winter kill vac vit,0.012738854
2019,TL,IM,PR,8,winter kill,0
2019,TL,IM,PR,8,unk 2,0
2019,TL,IM,PU,1,moss,0.219047619
2019,TL,IM,PU,1,lichen,0.038095238
2019,TL,IM,PU,1,litter,0.095238095
2019,TL,IM,PU,1,frost boil,0
2019,TL,IM,PU,1,bare,0.038095238
2019,TL,IM,PU,1,And pol,0
2019,TL,IM,PU,1,Bet nan,0.038095238
2019,TL,IM,PU,1,Car big,0.057142857
2019,TL,IM,PU,1,Cas tet,0
2019,TL,IM,PU,1,Emp nig,0
2019,TL,IM,PU,1,Eri vag,0.076190476
2019,TL,IM,PU,1,Led pal,0.00952381
2019,TL,IM,PU,1,Ped lap,0
2019,TL,IM,PU,1,Pol bis,0.00952381
2019,TL,IM,PU,1,Rub cha,0.038095238
2019,TL,IM,PU,1,Sal pul,0.028571429
2019,TL,IM,PU,1,Vac uli,0.095238095
2019,TL,IM,PU,1,Vac vit,0.19047619
2019,TL,IM,PU,1,St. D. Bet.,0
2019,TL,IM,PU,1,dead cas tet,0.00952381
2019,TL,IM,PU,1,dead led pal,0
2019,TL,IM,PU,1,sal ret,0
2019,TL,IM,PU,1,ped sp,0.004761905
2019,TL,IM,PU,1,unk 3,0.004761905
2019,TL,IM,PU,1,unk 4,0.047619048
2019,TL,IM,PU,2,moss,0.277511962
2019,TL,IM,PU,2,lichen,0.019138756
2019,TL,IM,PU,2,litter,0.133971292
2019,TL,IM,PU,2,frost boil,0
2019,TL,IM,PU,2,bare,0
2019,TL,IM,PU,2,And pol,0
2019,TL,IM,PU,2,Bet nan,0.038277512
2019,TL,IM,PU,2,Car big,0.066985646
2019,TL,IM,PU,2,Cas tet,0.028708134
2019,TL,IM,PU,2,Emp nig,0
2019,TL,IM,PU,2,Eri vag,0.114832536
2019,TL,IM,PU,2,Led pal,0.019138756
2019,TL,IM,PU,2,Ped lap,0
2019,TL,IM,PU,2,Pol bis,0
2019,TL,IM,PU,2,Rub cha,0.114832536
2019,TL,IM,PU,2,Sal pul,0.066985646
2019,TL,IM,PU,2,Vac uli,0.057416268
2019,TL,IM,PU,2,Vac vit,0.057416268
2019,TL,IM,PU,2,St. D. Bet.,0
2019,TL,IM,PU,2,dead cas tet,0
2019,TL,IM,PU,2,dead led pal,0
2019,TL,IM,PU,2,sal ret,0
2019,TL,IM,PU,2,ped sp,0.004784689
2019,TL,IM,PU,2,unk 3,0
2019,TL,IM,PU,2,unk 4,0
2019,TL,IM,PU,3,moss,0.347368421
2019,TL,IM,PU,3,lichen,0.031578947
2019,TL,IM,PU,3,litter,0.073684211
2019,TL,IM,PU,3,frost boil,0
2019,TL,IM,PU,3,bare,0.021052632
2019,TL,IM,PU,3,And pol,0
2019,TL,IM,PU,3,Bet nan,0.063157895
2019,TL,IM,PU,3,Car big,0.031578947
2019,TL,IM,PU,3,Cas tet,0.021052632
2019,TL,IM,PU,3,Emp nig,0
2019,TL,IM,PU,3,Eri vag,0.094736842
2019,TL,IM,PU,3,Led pal,0
2019,TL,IM,PU,3,Ped lap,0
2019,TL,IM,PU,3,Pol bis,0
2019,TL,IM,PU,3,Rub cha,0.042105263
2019,TL,IM,PU,3,Sal pul,0.042105263
2019,TL,IM,PU,3,Vac uli,0.147368421
2019,TL,IM,PU,3,Vac vit,0.063157895
2019,TL,IM,PU,3,St. D. Bet.,0
2019,TL,IM,PU,3,dead cas tet,0.010526316
2019,TL,IM,PU,3,dead led pal,0
2019,TL,IM,PU,3,sal ret,0
2019,TL,IM,PU,3,ped sp,0.010526316
2019,TL,IM,PU,3,unk 3,0
2019,TL,IM,PU,3,unk 4,0
2019,TL,IM,PU,4,moss,0.243093923
2019,TL,IM,PU,4,lichen,0.08839779
2019,TL,IM,PU,4,litter,0.132596685
2019,TL,IM,PU,4,frost boil,0
2019,TL,IM,PU,4,bare,0.011049724
2019,TL,IM,PU,4,And pol,0
2019,TL,IM,PU,4,Bet nan,0.044198895
2019,TL,IM,PU,4,Car big,0.011049724
2019,TL,IM,PU,4,Cas tet,0.033149171
2019,TL,IM,PU,4,Emp nig,0
2019,TL,IM,PU,4,Eri vag,0.110497238
2019,TL,IM,PU,4,Led pal,0
2019,TL,IM,PU,4,Ped lap,0
2019,TL,IM,PU,4,Pol bis,0.005524862
2019,TL,IM,PU,4,Rub cha,0.077348066
2019,TL,IM,PU,4,Sal pul,0.033149171
2019,TL,IM,PU,4,Vac uli,0.121546961
2019,TL,IM,PU,4,Vac vit,0.044198895
2019,TL,IM,PU,4,St. D. Bet.,0
2019,TL,IM,PU,4,dead cas tet,0
2019,TL,IM,PU,4,dead led pal,0
2019,TL,IM,PU,4,sal ret,0
2019,TL,IM,PU,4,ped sp,0.011049724
2019,TL,IM,PU,4,unk 3,0.011049724
2019,TL,IM,PU,4,unk 4,0.022099448
2019,TL,IM,PU,5,moss,0.242105263
2019,TL,IM,PU,5,lichen,0.052631579
2019,TL,IM,PU,5,litter,0.105263158
2019,TL,IM,PU,5,frost boil,0
2019,TL,IM,PU,5,bare,0.005263158
2019,TL,IM,PU,5,And pol,0
2019,TL,IM,PU,5,Bet nan,0.010526316
2019,TL,IM,PU,5,Car big,0.021052632
2019,TL,IM,PU,5,Cas tet,0.052631579
2019,TL,IM,PU,5,Emp nig,0
2019,TL,IM,PU,5,Eri vag,0.147368421
2019,TL,IM,PU,5,Led pal,0
2019,TL,IM,PU,5,Ped lap,0
2019,TL,IM,PU,5,Pol bis,0
2019,TL,IM,PU,5,Rub cha,0.094736842
2019,TL,IM,PU,5,Sal pul,0.031578947
2019,TL,IM,PU,5,Vac uli,0.136842105
2019,TL,IM,PU,5,Vac vit,0.052631579
2019,TL,IM,PU,5,St. D. Bet.,0
2019,TL,IM,PU,5,dead cas tet,0.021052632
2019,TL,IM,PU,5,dead led pal,0
2019,TL,IM,PU,5,sal ret,0
2019,TL,IM,PU,5,ped sp,0.021052632
2019,TL,IM,PU,5,unk 3,0.005263158
2019,TL,IM,PU,5,unk 4,0
2019,TL,IM,PU,6,moss,0.121495327
2019,TL,IM,PU,6,lichen,0.009345794
2019,TL,IM,PU,6,litter,0.14953271
2019,TL,IM,PU,6,frost boil,0
2019,TL,IM,PU,6,bare,0.009345794
2019,TL,IM,PU,6,And pol,0
2019,TL,IM,PU,6,Bet nan,0.028037383
2019,TL,IM,PU,6,Car big,0.009345794
2019,TL,IM,PU,6,Cas tet,0.056074766
2019,TL,IM,PU,6,Emp nig,0
2019,TL,IM,PU,6,Eri vag,0.196261682
2019,TL,IM,PU,6,Led pal,0.009345794
2019,TL,IM,PU,6,Ped lap,0
2019,TL,IM,PU,6,Pol bis,0
2019,TL,IM,PU,6,Rub cha,0.08411215
2019,TL,IM,PU,6,Sal pul,0.046728972
2019,TL,IM,PU,6,Vac uli,0.140186916
2019,TL,IM,PU,6,Vac vit,0.093457944
2019,TL,IM,PU,6,St. D. Bet.,0
2019,TL,IM,PU,6,dead cas tet,0.018691589
2019,TL,IM,PU,6,dead led pal,0.018691589
2019,TL,IM,PU,6,sal ret,0.009345794
2019,TL,IM,PU,6,ped sp,0
2019,TL,IM,PU,6,unk 3,0
2019,TL,IM,PU,6,unk 4,0
2019,TL,IM,PU,7,moss,0.074074074
2019,TL,IM,PU,7,lichen,0.005291005
2019,TL,IM,PU,7,litter,0.148148148
2019,TL,IM,PU,7,frost boil,0
2019,TL,IM,PU,7,bare,0
2019,TL,IM,PU,7,And pol,0
2019,TL,IM,PU,7,Bet nan,0.031746032
2019,TL,IM,PU,7,Car big,0.042328042
2019,TL,IM,PU,7,Cas tet,0.063492063
2019,TL,IM,PU,7,Emp nig,0
2019,TL,IM,PU,7,Eri vag,0.243386243
2019,TL,IM,PU,7,Led pal,0.010582011
2019,TL,IM,PU,7,Ped lap,0
2019,TL,IM,PU,7,Pol bis,0
2019,TL,IM,PU,7,Rub cha,0.021164021
2019,TL,IM,PU,7,Sal pul,0.095238095
2019,TL,IM,PU,7,Vac uli,0.17989418
2019,TL,IM,PU,7,Vac vit,0.042328042
2019,TL,IM,PU,7,St. D. Bet.,0
2019,TL,IM,PU,7,dead cas tet,0.042328042
2019,TL,IM,PU,7,dead led pal,0
2019,TL,IM,PU,7,sal ret,0
2019,TL,IM,PU,7,ped sp,0
2019,TL,IM,PU,7,unk 3,0
2019,TL,IM,PU,7,unk 4,0
2019,TL,IM,PU,8,moss,0.03125
2019,TL,IM,PU,8,lichen,0
2019,TL,IM,PU,8,litter,0.197916667
2019,TL,IM,PU,8,frost boil,0
2019,TL,IM,PU,8,bare,0
2019,TL,IM,PU,8,And pol,0
2019,TL,IM,PU,8,Bet nan,0.052083333
2019,TL,IM,PU,8,Car big,0.020833333
2019,TL,IM,PU,8,Cas tet,0.041666667
2019,TL,IM,PU,8,Emp nig,0
2019,TL,IM,PU,8,Eri vag,0.40625
2019,TL,IM,PU,8,Led pal,0
2019,TL,IM,PU,8,Ped lap,0
2019,TL,IM,PU,8,Pol bis,0
2019,TL,IM,PU,8,Rub cha,0.0625
2019,TL,IM,PU,8,Sal pul,0.072916667
2019,TL,IM,PU,8,Vac uli,0.09375
2019,TL,IM,PU,8,Vac vit,0.020833333
2019,TL,IM,PU,8,St. D. Bet.,0
2019,TL,IM,PU,8,dead cas tet,0
2019,TL,IM,PU,8,dead led pal,0
2019,TL,IM,PU,8,sal ret,0
2019,TL,IM,PU,8,ped sp,0
2019,TL,IM,PU,8,unk 3,0
2019,TL,IM,PU,8,unk 4,0
